prolific_id,stem_quiz_1_answers,stem_quiz_1_score,num_tab_switches_in_section_1,total_time_hidden_in_section_1,overplacement,overestimation,passing_threshold,info_structure,track,path,performance,ball_color,ball_origin_estimation,preferred_second_survey,quiz_2_answers,quiz_2_score,num_tab_switches_in_section_5,total_time_hidden_in_section_5,risk_tolerance_answers,schools_private_independent,schools_private_religious,schools_public_school,schools_homeschool,schools_online_school,schools_charter_school,schools_all_girls_school,schools_all_boys_school,schools_stem_oriented_school,track_decision,experience
0,AAAAAAAAAA,0.2,0,0.0,90,9,9,positive,noisy,random,Fail,red,Fail Box,Non-STEM Track,AAAAAAAAAA,0.2,0,0.0,RRRRRCCCCCC,False,False,False,False,False,False,False,False,False,,
100,AAAAAAAAAA,0.2,0,0.0,100,9,9,negative,noisy,random,Fail,red,Fail Box,STEM Track,AAAAAAAAAA,0.4,0,0.0,RRRRRRRRRRR,False,False,False,False,False,False,False,False,False,,
100,AAAAAAAAAA,0.2,0,0.0,88,9,9,ground,noisy,random,Fail,red,Fail Box,Non-STEM Track,AAAAAAAAAA,0.2,0,0.0,RRRRRRRRRRR,False,False,False,False,False,False,False,False,False,,
100,AAAAAAAAAA,0.2,0,0.0,89,4,5,ground,noisy,random,Fail,red,Fail Box,Non-STEM Track,AAAAAAAAAA,0.2,0,0.0,RRRRRRRRRRR,False,False,False,False,False,False,False,False,False,0,0
100,AAAAAAAAAA,0.2,0,0.0,90,9,9,negative,noisy,random,Fail,red,Fail Box,Non-STEM Track,AAAAAAAAAA,0.2,0,0.0,RRRRRRRRRRR,False,False,False,False,False,False,False,False,False,0,0
100,AAAAAAAAAA,0.2,0,0.0,90,9,9,ground,noisy,random,Fail,red,Fail Box,Non-STEM Track,AAAAAAAAAA,0.2,0,0.0,RRRRRRRRRRR,False,False,False,False,False,False,False,False,False,0,0
N/A,AAAAAAAAAA,0.2,0,0.0,90,2,3,positive,noisy,random,Fail,red,Fail Box,Non-STEM Track,AAAAAAAAAA,0.2,0,0.0,RRRRRRRRRRR,False,False,False,False,False,False,False,False,False,0,0
100,AAAAAAAAAA,0.2,0,0.0,90,9,9,negative,noisy,random,Fail,red,Fail Box,STEM Track,AAAAAAAAAA,0.4,0,0.0,RRRRRRCCCCC,False,False,False,False,False,False,False,False,False,0,0
N/A,AAAAAAAAAA,0.2,0,0.0,90,9,9,ground,noisy,random,Fail,red,Fail Box,STEM Track,AAAAAAAAAA,0.4,0,0.0,RRRRRRRRRRR,False,False,False,False,False,False,False,False,False,0,0
N/A,AAAAAAAAAA,0.2,0,0.0,90,9,9,positive,noisy,random,Fail,red,Pass Box,STEM Track,AAAAAAAAAA,0.4,0,0.0,RRRRRRRRRRR,False,False,False,False,False,False,False,False,False,0,0
N/A,AAAAAAAAAA,0.2,0,0.0,90,9,9,positive,noisy,random,Fail,red,Fail Box,Non-STEM Track,AAAAAAAAAA,0.2,0,0.0,RRRRRRRRRRR,False,False,False,False,False,False,False,False,False,0,0
N/A,AAAAAAAAAA,0.2,0,0.0,90,9,9,positive,noisy,random,Fail,red,Fail Box,STEM Track,AAAAAAAAAA,0.4,0,0.0,RRRRRRRRRRR,False,False,False,False,False,False,False,False,False,0,0
N/A,AAAAAAAAAA,0.2,0,0.0,90,9,9,negative,noisy,random,Fail,red,Fail Box,Non-STEM Track,AAAAAAAAAA,0.2,0,0.0,RRRRRRRRRRR,False,False,False,False,False,False,False,False,False,0,0
N/A,AAAAAAAAAA,0.2,0,0.0,90,9,9,ground,noisy,random,Fail,red,Fail Box,STEM Track,AAAAAAAAAA,0.4,0,0.0,RRRRRRRRRRR,False,False,False,False,False,False,False,False,False,0,0
N/A,AAAAAAAAAA,0.2,0,0.0,90,9,9,positive,noisy,random,Fail,red,Not Sure,Non-STEM Track,AAAAAAAAAA,0.2,0,0.0,RRRRRRRRRRR,False,False,False,False,False,False,False,False,False,0,0
N/A,AAAAAAAAAA,0.2,0,0.0,90,9,9,positive,noisy,random,Fail,red,Not Sure,STEM Track,AAAAAAAAAA,0.4,0,0.0,RRRRRRRRRRR,False,False,False,False,False,False,False,False,False,0,0
N/A,AAAAAAAAAA,0.2,0,0.0,90,9,9,negative,noisy,random,Fail,red,Fail Box,Non-STEM Track,AAAAAAAAAA,0.2,0,0.0,RRRRRRRRRRR,False,False,False,False,False,False,False,False,False,0,0
N/A,AAAAAAAAAA,0.2,0,0.0,1,1,1,positive,noisy,random,Fail,red,Fail Box,STEM Track,AAAAAAAAAA,0.4,0,0.0,RRRRRRRRRRR,False,False,False,False,False,False,False,False,False,0,0
N/A,AAAAAAAAAA,0.2,0,0.0,90,1,1,positive,noisy,random,Fail,red,Pass Box,Non-STEM Track,AAAAAAAAAA,0.2,0,0.0,RRRRRRRRRRR,False,False,False,False,False,False,False,False,False,0,0
test1,AAAAAAAAAA,0.2,0,0.0,90,9,9,negative,noisy,random,Fail,red,Fail Box,Non-STEM Track,AAAAAAAAAA,0.2,0,0.0,RRRRRRRRRRR,False,False,False,False,False,False,False,False,False,0,0
test3,AAAAAAAAAA,0.2,0,0.0,90,0,0,positive,noisy,random,Pass,red,Pass Box,STEM Track,AAAAAAAAAA,0.4,0,0.0,RRRRRRRRRRR,False,False,False,False,False,False,False,False,False,0,0
test1,AAAAAAAAAA,0.2,0,0.0,0,0,0,positive,noisy,random,Pass,black,Pass Box,STEM Track,AAAAAAAAAA,0.4,0,0.0,RRRRRRRRRRR,False,False,False,False,False,False,False,False,False,0,0
test2,AAAAAAAAAA,0.2,0,0.0,90,9,9,positive,noisy,random,Fail,red,Fail Box,STEM Track,AAAAAAAAAA,0.4,0,0.0,RRRRRRRRRRR,False,False,False,False,False,False,False,False,False,0,0
test1,AAAAAAAAAA,0.2,0,0.0,90,0,0,positive,noisy,random,Pass,black,Fail Box,Non-STEM Track,AAAAAAAAAA,0.2,0,0.0,RRRRRRRRRRR,True,False,False,False,False,False,False,False,False,,
test2,AAAAAAAAAA,0.2,0,0.0,90,0,0,negative,noisy,random,Pass,red,Pass Box,Non-STEM Track,AAAAAAAAAA,0.2,2,4.018,RRRRRRRRRRR,True,True,True,True,True,False,True,False,True,Hello,There
test2,AAAAAAAAAA,0.2,0,0.0,90,9,9,negative,noisy,random,Fail,red,Fail Box,Non-STEM Track,AAAAAAAAAA,0.2,0,0.0,RRRRRRRRRRR,True,True,True,True,False,False,False,False,False,,
test3,AAAAAAAAAA,0.2,0,0.0,90,9,9,negative,noisy,random,Fail,red,Fail Box,STEM Track,AAAAAAAAAA,0.4,0,0.0,RRRRRRRRRRR,True,True,False,False,False,False,False,False,True,,
test4,AAAAAAAAAA,0.2,0,0.0,90,0,0,ground,noisy,random,Pass,red,Pass Box,Non-STEM Track,AAAAAAAAAA,0.2,0,0.0,RRRRRRRRRRR,False,True,True,True,False,False,False,False,False,,
test1,AAAAAAAAAA,0.2,0,0.0,90,9,9,ground,noisy,random,Fail,red,Fail Box,STEM Track,AAAAAAAAAA,0.4,0,0.0,RRRRRRRRRRR,True,True,True,False,False,False,False,False,False,Hello,There
test2,AAAAAAAAAA,0.2,0,0.0,90,0,0,negative,noisy,random,Pass,red,Pass Box,Non-STEM Track,AAAAAAAAAA,0.2,0,0.0,RRRRRRRRRRR,True,True,True,False,False,False,False,False,False,Hello,There
test3,AAAAAAAAAA,0.2,0,0.0,90,9,9,positive,noisy,random,Fail,red,Fail Box,STEM Track,AAAAAAAAAA,0.4,0,0.0,RRRRRRRRRRR,True,True,True,False,False,False,False,False,False,,
test1,AABBBCDCDD,0.6,0,0.0,50,7,7,ground,noisy,random,Fail,red,Fail Box,STEM Track,BADAADBACD,0.6,2,4.119,RRRRRCCCCCC,True,True,False,False,False,False,True,False,True,,
test1,AABBBCDCDD,0.6,0,0.0,50,7,7,negative,noisy,random,Fail,red,Pass Box,Non-STEM Track,AAAAAAABBB,0.3,0,0.0,RRRRRRCCCCC,True,True,True,False,False,False,False,False,False,Shorter,Nope,CS
test2,AACBBBDCCB,1.0,0,0.0,50,10,10,ground,noisy,random,Pass,black,Pass Box,STEM Track,AAAAAAAAAA,0.4,0,0.0,RRRRRRRRRRR,True,True,True,True,True,True,True,True,True,Good,Good,Math
test3 - cheating,AAAAAAAAAA,0.2,5,7.54,20,3,5,negative,noisy,random,Fail,red,Fail Box,Non-STEM Track,AAAAAAAAAA,0.2,0,0.0,RRRRRRRRRRR,True,True,True,False,False,False,False,False,False,Easier,Good,"Math, CS"
test4 - cheating on quiz 2,AAAAAAAAAA,0.2,0,0.0,0,0,1,ground,noisy,random,Pass,black,Pass Box,STEM Track,AAAAAAAAAA,0.4,2,2.7590000000000003,RRRRRRRRRRR,True,True,True,True,True,True,True,True,True,I like STEM,,CS
test1,AAAAAAAAAA,0.2,0,0.0,90,0,0,positive,noisy,random,Pass,red,Fail Box,Non-STEM Track,AAAAAAAAAA,0.2,0,0.0,RRRRRRRRRRR,True,True,False,False,False,False,False,False,False,,,
testing Section 1,AACBBBDCCD,0.9,1,24.15,50,5,9,negative,noisy,random,Pass,black,Pass Box,STEM Track,BACAADCABC,1.0,0,0.0,RRRRRRRCCC,True,True,True,True,True,True,True,True,True,I like STEM,Good,CS and Math
test 2 - testing section 1 (times out - missing questions),_AC___DAC_,0.4,0,0.0,50,9,9,negative,noisy,random,Fail,red,Fail Box,STEM Track,_AC__DBBC_,0.3,1,79.998,RRRRRCCCCC,True,False,True,False,False,False,False,False,False,I like STEM. It's great!,,CS
test3 - guess low/passes,AAAAAAAAAA,0.2,0,0.0,20,2,1,positive,noisy,random,Pass,red,Pass Box,Non-STEM Track,DBDCBDABCD,0.9,3,19.371,RRRRRRRRRR,False,True,False,False,False,False,False,False,True,I dislike Math,Good,English
test4 - testing risk tolerance - make sure all 11 questions appear,AC___B___D,0.2,1,3.223,50,0,0,negative,noisy,random,Pass,black,Fail Box,Non-STEM Track,_DCB__CC__,0,0,0.0,RRRRRRRRRRC,False,False,False,False,False,False,True,True,True,No reason,Great,english
test 5 - testing 0 passing threshold again,AAAAADAAAA,0.2,0,0.0,50,0,0,ground,noisy,random,Pass,red,Pass Box,Non-STEM Track,AAAAAAAAAA,0.2,0,0.0,RRRRRRRRRRR,False,False,False,False,False,False,False,False,False,,,
test 6 - testing 0 passing threshold,AAAAAAAAAA,0.2,0,0.0,47,0,0,ground,noisy,random,Pass,black,Pass Box,STEM Track,AAAAAAAAAA,0.4,0,0.0,RRRRRRRRRRR,False,False,False,False,False,False,False,False,False,,,
test 1,AACBBBDCCB,1.0,1,13.781,50,10,10,negative,noisy,random,Pass,red,Pass Box,STEM Track,BACADDCABC,0.9,1,6.359,RRRRRRRRRRC,True,True,True,True,True,True,True,True,True,I like STEM,Good,CS and Math
test4 - finishes survey,AADDBBCCDD,0.5,0,0.0,20,2,2,negative,noisy,random,Pass,red,Pass Box,Non-STEM Track,AAAAAAADDD,0.3,1,21.787,RRRRRRCCCCC,True,False,True,False,False,True,False,False,False,I don't like Math,Good,English
test 6 - non-stem doesn't finish,A_______CA,0.2,0,0.0,90,9,9,ground,noisy,random,Fail,black,Fail Box,Non-STEM Track,_CBD___DA_,0,0,0.0,RRRRRRRCCCC,True,True,True,False,False,False,False,False,False,No reason,good,idk
test 10,AAAACCDBDB,0.4,0,0.0,90,3,3,positive,noisy,random,Pass,red,Pass Box,STEM Track,AAAAAADDDD,0.3,0,0.0,RRRRRRRRRCC,False,False,False,False,False,False,False,False,False,,,
test - 1,CCCCCCCCCC,0.3,1,8.003,100,9,10,negative,noisy,random,Fail,red,Fail Box,Non-STEM Track,DAAAAAAAAA,0.3,0,0.0,RRRRRRRRCCC,True,True,True,False,False,False,False,False,False,No reason,,
teset 12 - failing,AAACAAAAAA,0.2,0,0.0,90,9,9,positive,noisy,random,Fail,red,Fail Box,STEM Track,AAAAAAAAAD,0.4,0,0.0,RRRRRRRRRRR,False,False,False,False,False,False,False,False,False,,,
test 13 - fail ,AAAAAAAAAA,0.2,0,0.0,90,8,8,negative,noisy,random,Fail,red,Fail Box,Non-STEM Track,DAAAAAAAAA,0.3,0,0.0,RRRRRRRRRRR,True,True,True,True,True,True,True,True,True,,,
test 2 - perfect score,AACBBBDCCB,1.0,0,0.0,100,10,10,negative,noisy,random,Pass,red,Pass Box,STEM Track,BACAADCABC,1.0,0,0.0,RRRRRCCCCCC,True,True,True,True,True,True,True,True,True,I'm good at math,Good experience,"Math, CS"
"test 3 - finishes, but incorrect answers",AAAABDAABD,0.3,0,0.0,20,1,1,positive,noisy,random,Pass,black,Pass Box,Non-STEM Track,DBACBDABCD,1.0,0,0.0,RRRCCCCCCCC,True,True,True,False,False,False,False,False,True,I don't like math,great,"english, history"
test 1 - missing questions and cheats,__CB_CDC__,0.4,0,0.0,50,5,5,negative,noisy,random,Fail,black,Fail Box,STEM Track,_CBDBD_BD_,0.1,1,18.788,RRRRCCCCCCC,False,False,False,False,False,False,False,False,False,No reason,idk,idk
test 5 - testing for remaining info structures,AAAAAAAAAA,0.2,0,0.0,0,0,0,ground,noisy,random,Pass,red,Not Sure,Non-STEM Track,AAAAAAAAAA,0.2,0,0.0,RRRRRRRRRRR,True,True,True,True,False,False,False,False,False,,,
test 6 - info structures,AAAAAAAAAA,0.2,0,0.0,0,0,0,positive,noisy,random,Pass,red,Not Sure,STEM Track,AAAAAADAAA,0.4,0,0.0,RRRRRRRRRRR,True,True,False,False,False,False,False,False,False,,,
test 7 - info structure fail,AAAAAAAAAA,0.2,0,0.0,100,10,10,ground,noisy,random,Fail,black,Fail Box,STEM Track,AAAAAAAAAA,0.4,0,0.0,RRRRRRRRRRR,True,True,True,True,True,True,True,True,True,,,
"test 4 - complete, but cheats",BADBACCDDD,0.2,2,200.407,10,0,0,ground,noisy,random,Pass,red,Pass Box,Non-STEM Track,B___D_B_B_,0,1,0.893,RRCCCCCCCCR,True,False,False,False,False,False,False,False,True,I LIKE it,nope,cs
"test 0 - finishes STEM survey, does not cheat",AADDBBCCCD,0.6,0,0.0,100,10,10,negative,noisy,random,Fail,red,Pass Box,STEM Track,AACCDDBBCC,0.4,0,0.0,RRRRRCCCCCC,True,True,True,True,True,True,True,True,True,Because I like Math,It was good,"Math, Computer Science, Physics"
test 1 - doesn't finish,__________,0,2,242.898,0,0,0,positive,noisy,random,Pass,black,Pass Box,STEM Track,__________,0,1,510.318,RRRCCCCCCCC,False,False,False,False,True,False,False,False,False,No particular reason,great,MAth
test 2 - cheats and has some questions,B____C_D_A,0,1,0.366,5,5,5,positive,noisy,random,Fail,red,Fail Box,STEM Track,C_C_ADB__B,0.3,3,291.29900000000004,RRRRRCRCRCR,False,False,False,False,False,False,False,False,False,no reason,,
test 3,_A_B_B_CC_,0.5,3,234.376,2,2,2,ground,noisy,random,Pass,red,Pass Box,Non-STEM Track,CAAABBCCDD,0.3,0,0.0,RRRRRRRRRRR,True,True,True,True,True,True,True,True,True,I don't like Math,,
test 5 ,CCCCCCCCCC,0.3,0,0.0,90,4,4,ground,noisy,random,Fail,black,Fail Box,Non-STEM Track,_B_CB_A_C_,0.5,0,0.0,RRRRRRRRRRR,True,True,True,True,True,True,True,True,True,I don't like math,Great,English
test 6,AAAAAAAAAA,0.2,0,0.0,50,4,5,ground,noisy,random,Fail,black,Fail Box,Non-STEM Track,DBAAADDDBB,0.4,2,4.828,RRRRRRRRRRR,False,False,False,False,False,False,False,False,False,,,
test,AAAAAAAAAA,0.2,0,0.0,40,4,4,ground,noisy,random,Fail,black,Fail Box,Non-STEM Track,AAAAAAAAAA,0.2,0,0.0,RRRRRRRRRRR,True,True,True,True,True,True,True,True,True, dsDS, ,
