Submission id,Participant id,Status,Custom study tncs accepted at,Started at,Completed at,Reviewed at,Archived at,Time taken,Completion code,Total approvals,Ethnicity,Highest education level completed,Age,Sex,Ethnicity simplified,Country of birth,Country of residence,Nationality,Language,Student status,Employment status
66f1e4d7d9cb1d7e166868dd,63d2fe57eea8cacc91a44fdd,APPROVED,Not Applicable,2024-09-23T21:59:56.526000Z,2024-09-23T22:10:53.148000Z,2024-09-23T22:11:28.745000Z,2024-09-23T22:12:02.354187Z,657.0,C1BTHULB,2479,White,Graduate degree (MA/MSc/MPhil/other),62,Female,White,United States,United States,United States,English,No,Part-Time
66f1e4ff96420dbe57626232,65508fa67c2c79516f083504,APPROVED,Not Applicable,2024-09-23T22:00:36.406000Z,2024-09-23T22:12:57.323000Z,2024-09-23T22:12:58.144000Z,2024-09-23T22:13:50.885839Z,741.0,C1BTHULB,518,White Mexican,Technical/community college,31,Male,Mixed,United States,United States,United States,English,DATA_EXPIRED,Full-Time
66f1e53a5e304937fea1ddc9,649d83ecc7c342335f80496e,APPROVED,Not Applicable,2024-09-23T22:01:39.613000Z,2024-09-23T22:25:58.095000Z,2024-09-23T22:26:00.695000Z,2024-09-23T22:25:58.689736Z,1459.0,C1BTHULB,45,White,Undergraduate degree (BA/BSc/other),45,Female,White,United States,United States,United States,English,Yes,Full-Time
66f1e53cf6e10e20fb125ca7,5f4581ccdbb07c189c15702c,APPROVED,Not Applicable,2024-09-23T22:03:00.731000Z,2024-09-23T22:26:05.779000Z,2024-09-23T22:26:07.341000Z,2024-09-23T22:26:06.303891Z,1386.0,C1BTHULB,659,Caribbean,Undergraduate degree (BA/BSc/other),23,Female,Black,United States,United States,United States,English,No,DATA_EXPIRED
66f1e554175f4020b3973d1d,5e8cab7ee76c7204ccc2eb24,APPROVED,Not Applicable,2024-09-23T22:02:03.415000Z,2024-09-23T22:17:00.751000Z,2024-09-23T22:17:04.279000Z,2024-09-23T22:17:01.476511Z,898.0,C1BTHULB,143,South East Asian,Undergraduate degree (BA/BSc/other),24,Female,Asian,United States,United States,United States,English,No,Part-Time
66f1e5d56a34f4ec03b32a5f,5c5c5313a3e64300012b5042,APPROVED,Not Applicable,2024-09-23T22:04:13.793000Z,2024-09-23T22:13:46.546000Z,2024-09-23T22:13:47.305000Z,2024-09-23T22:14:03.977821Z,573.0,C1BTHULB,2882,White,High school diploma/A-levels,27,Male,White,United States,United States,United States,English,No,Full-Time
66f1e6350b454e88581be509,65af1cd44ec9136d74dc6c19,APPROVED,Not Applicable,2024-09-23T22:05:47.268000Z,2024-09-23T22:27:54.392000Z,2024-09-23T22:27:55.102000Z,2024-09-23T22:27:55.065219Z,1328.0,C1BTHULB,663,Latino/Hispanic,High school diploma/A-levels,28,Female,Other,United States,United States,United States,English,Yes,"Not in paid work (e.g. homemaker', 'retired or disabled)"
66f1e63795bddaf0f4bfb4ef,5b33034d975e260001e981c9,APPROVED,Not Applicable,2024-09-23T22:05:48.138000Z,2024-09-23T22:18:45.804000Z,2024-09-23T22:21:13.194000Z,2024-09-23T22:21:17.976186Z,778.0,C1BTHULB,2470,White,Technical/community college,29,Female,White,United States,United States,United States,English,Yes,DATA_EXPIRED
66f1e65825288afe75fa12ee,66bfa64db347261f46db6f96,APPROVED,Not Applicable,2024-09-23T22:06:25.293000Z,2024-09-23T22:16:26.755000Z,2024-09-23T22:16:29.631000Z,2024-09-23T22:16:27.427626Z,602.0,C1BTHULB,8,Mixed,Technical/community college,53,Female,Black,United States,United States,United States,English,No,Unemployed (and job seeking)
66f1e66f7e7ceddf7d311c5c,666cf5a1910d898a3ee3bb73,APPROVED,Not Applicable,2024-09-23T22:07:26.541000Z,2024-09-23T22:17:43.293000Z,2024-09-23T22:17:44.561000Z,2024-09-23T22:17:44.197827Z,617.0,C1BTHULB,284,Mixed,High school diploma/A-levels,31,Male,White,United States,United States,United States,English,No,"Not in paid work (e.g. homemaker', 'retired or disabled)"
66f1e6a202f0db9399810211,60c8fdfd2a1d18de5c17bfcb,APPROVED,Not Applicable,2024-09-23T22:07:35.602000Z,2024-09-23T22:31:59.210000Z,2024-09-23T22:32:41.945000Z,2024-09-23T22:33:45.606662Z,1464.0,C1BTHULB,396,White,Technical/community college,59,Male,White,United States,United States,United States,English,No,"Not in paid work (e.g. homemaker', 'retired or disabled)"
66f1e6bd6bc90c49173f7075,59c2cd09754a19000111c9f3,APPROVED,Not Applicable,2024-09-23T22:08:01.773000Z,2024-09-23T22:19:45.571000Z,2024-09-23T22:21:29.345000Z,2024-09-23T22:21:34.932297Z,704.0,C1BTHULB,1086,White,High school diploma/A-levels,28,Male,White,United States,United States,United States,English,No,"Not in paid work (e.g. homemaker', 'retired or disabled)"
66f1e729b055119c94cc069e,66343f7910c04370761ae595,APPROVED,Not Applicable,2024-09-23T22:09:51.883000Z,2024-09-23T22:20:04.146000Z,2024-09-23T22:21:36.703000Z,2024-09-23T22:21:36.739394Z,613.0,C1BTHULB,285,White,Undergraduate degree (BA/BSc/other),60,Male,White,United States,United States,United States,English,DATA_EXPIRED,DATA_EXPIRED
66f1e73442f504520c689697,65f5f8674de9e42bafa060ff,APPROVED,Not Applicable,2024-09-23T22:10:04.981000Z,2024-09-23T22:24:07.136000Z,2024-09-23T22:24:10.069000Z,2024-09-23T22:24:08.120259Z,843.0,C1BTHULB,486,White,Graduate degree (MA/MSc/MPhil/other),53,Female,White,Canada,United States,United States,English,No,Part-Time
66f1e794f8523059bc5db427,665e299ae07116340f552257,APPROVED,Not Applicable,2024-09-23T22:11:37.433000Z,2024-09-23T22:23:09.583000Z,2024-09-23T22:23:21.948000Z,2024-09-23T22:23:10.991883Z,693.0,C1BTHULB,424,White,Undergraduate degree (BA/BSc/other),31,Female,White,United States,United States,United States,English,No,Part-Time
66f1e7988e0337ddde3ef573,5ffe7f10255d0c53510370bb,APPROVED,Not Applicable,2024-09-23T22:11:47.399000Z,2024-09-23T22:16:45.949000Z,2024-09-24T16:29:11.100000Z,2024-09-23T22:16:46.554900Z,299.0,C1BTHULB,128,White,Technical/community college,22,Male,White,United States,United States,United States,English,Yes,Full-Time
66f1e799defe8fd3f12c0cbc,6631babde33da0025fc9c329,APPROVED,Not Applicable,2024-09-23T22:11:42.106000Z,2024-09-23T22:14:41.923000Z,2024-09-24T16:29:12.042000Z,2024-09-23T22:14:42.586945Z,180.0,C1BTHULB,554,White,Technical/community college,31,Female,White,United States,United States,United States,English,No,"Not in paid work (e.g. homemaker', 'retired or disabled)"
66f1e79e8c73c80eec6335ae,62ab399e15b98baaf3099d60,APPROVED,Not Applicable,2024-09-23T22:11:46.728000Z,2024-09-23T22:35:03.983000Z,2024-09-23T22:35:07.287000Z,2024-09-23T22:35:05.013644Z,1398.0,C1BTHULB,273,White,Undergraduate degree (BA/BSc/other),60,Male,White,United States,United States,United States,English,Yes,Full-Time
66f1e7b2a3c7ace7662e5f37,61117ea669dc2baba8b078c6,APPROVED,Not Applicable,2024-09-23T22:12:06.596000Z,2024-09-23T22:32:39.500000Z,2024-09-23T22:33:07.842000Z,2024-09-23T22:34:05.956371Z,1233.0,C1BTHULB,256,White,Undergraduate degree (BA/BSc/other),29,Female,White,United States,United States,United States,English,No,Full-Time
66f1e7cd0b454e88581be56c,66523b8c5e437336893ddbc5,APPROVED,Not Applicable,2024-09-23T22:12:35.122000Z,2024-09-23T22:33:46.625000Z,2024-09-23T22:34:04.977000Z,2024-09-23T22:34:17.394885Z,1272.0,C1BTHULB,450,Black/African American,Undergraduate degree (BA/BSc/other),21,Male,Black,Nigeria,United States,United States,English,No,Unemployed (and job seeking)
66f1e7e404020814f74d36cc,6567e5ab716b73eaff1ff2a6,APPROVED,Not Applicable,2024-09-23T22:12:58.902000Z,2024-09-23T22:21:09.924000Z,2024-09-23T22:22:05.865000Z,2024-09-23T22:21:47.843368Z,492.0,C1BTHULB,710,East Asian,Undergraduate degree (BA/BSc/other),22,Female,Asian,United States,United States,United States,English,No,Full-Time
66f1e7f1a8a57c2f05827bd2,6678af8d6cf6a2c7fd356771,APPROVED,Not Applicable,2024-09-23T22:13:12.039000Z,2024-09-23T22:24:48.188000Z,2024-09-23T22:24:48.972000Z,2024-09-23T22:24:49.348221Z,697.0,C1BTHULB,145,Mixed,High school diploma/A-levels,19,Female,Mixed,United States,United States,United States,English,Yes,Unemployed (and job seeking)
66f1e80b36c0dd72c0f3bdcc,65779c4bde34621ce896b77d,APPROVED,Not Applicable,2024-09-23T22:13:35.962000Z,2024-09-23T22:25:04.086000Z,2024-09-23T22:25:04.860000Z,2024-09-23T22:25:04.893142Z,689.0,C1BTHULB,502,Latino/Hispanic,High school diploma/A-levels,35,Male,Other,United States,United States,United States,English,No,Full-Time
66f1e80ecc9df51452712297,5c088a0b66706a0001048ca6,APPROVED,Not Applicable,2024-09-23T22:13:37.675000Z,2024-09-23T22:31:24.524000Z,2024-09-23T22:32:25.017000Z,2024-09-23T22:33:31.721321Z,1067.0,C1BTHULB,1328,East Asian,Undergraduate degree (BA/BSc/other),24,Male,Asian,United States,United States,United States,English,No,Full-Time
66f1e8131ff49e93f2f77417,6643e03b662725412dc25b8e,APPROVED,Not Applicable,2024-09-23T22:13:45.250000Z,2024-09-23T22:20:36.017000Z,2024-09-23T22:21:49.788000Z,2024-09-23T22:21:42.699757Z,411.0,C1BTHULB,603,White,Graduate degree (MA/MSc/MPhil/other),30,Male,White,United States,United States,United States,English,No,Part-Time
66f1e8163be2aea72be399d9,66f0e810548724da3007650c,APPROVED,Not Applicable,2024-09-23T22:13:49.492000Z,2024-09-23T22:14:14.004000Z,2024-09-24T16:29:11.507000Z,2024-09-23T22:14:14.832635Z,25.0,66f0e810548724da3007650c,0,White,Secondary education (e.g. GED/GCSE),38,Male,White,United States,United States,United States,English,No,Other
66f1e817d096f9e76255ecd2,66b292dbd488481b03beb3f7,APPROVED,Not Applicable,2024-09-23T22:13:49.886000Z,2024-09-23T22:29:53.823000Z,2024-09-23T22:31:42.119000Z,2024-09-23T22:32:01.917475Z,964.0,C1BTHULB,137,White,Graduate degree (MA/MSc/MPhil/other),46,Male,White,United States,United States,United States,English,No,Full-Time
66f1e81a0b454e88581be57e,6618b5800be90e3b4abbc70d,APPROVED,Not Applicable,2024-09-23T22:13:53.381000Z,2024-09-23T22:26:14.477000Z,2024-09-23T22:26:18.098000Z,2024-09-23T22:26:15.246413Z,742.0,C1BTHULB,81,Black/African American,High school diploma/A-levels,54,Female,Black,United States,United States,United States,English,No,"Not in paid work (e.g. homemaker', 'retired or disabled)"
66f1e8359e4435a56f7624c4,666dac30bb422b3ca6af02f8,APPROVED,Not Applicable,2024-09-23T22:14:18.943000Z,2024-09-23T22:21:10.807000Z,2024-09-23T22:22:03.931000Z,2024-09-23T22:21:46.292504Z,412.0,C1BTHULB,295,White,High school diploma/A-levels,25,Female,White,United States,United States,United States,English,No,"Not in paid work (e.g. homemaker', 'retired or disabled)"
66f1e84898e98e75752a2ddc,5ee6d6e22472a0463a271bd8,APPROVED,Not Applicable,2024-09-23T22:17:18.925000Z,2024-09-23T22:35:51.107000Z,2024-09-23T23:36:23.292000Z,2024-09-23T23:36:21.148312Z,1113.0,C1BTHULB,1239,Black/African American,Undergraduate degree (BA/BSc/other),65,Female,Black,United States,United States,United States,English,DATA_EXPIRED,DATA_EXPIRED
66f1e850e53df4093317295c,66abad4419dd4212c375366c,APPROVED,Not Applicable,2024-09-23T22:14:45.621000Z,2024-09-23T22:37:45.789000Z,2024-09-23T22:37:50.216000Z,2024-09-23T22:37:47.037522Z,1381.0,C1BTHULB,27,White,Secondary education (e.g. GED/GCSE),32,Male,White,United States,United States,United States,English,No,DATA_EXPIRED
66f1e851d8d9fa52aeaa0398,61088f1ee7c47da77940844a,APPROVED,Not Applicable,2024-09-23T22:14:48.136000Z,2024-09-23T22:26:59.490000Z,2024-09-23T22:27:00.344000Z,2024-09-23T22:27:03.533893Z,732.0,C1BTHULB,235,White,Graduate degree (MA/MSc/MPhil/other),26,Female,White,United States,United States,United States,English,No,Full-Time
66f1e852f36f2dd11249facf,66709d5de1ed04d2139acb78,APPROVED,Not Applicable,2024-09-23T22:14:50.453000Z,2024-09-23T22:22:27.933000Z,2024-09-23T22:22:49.057000Z,2024-09-23T22:22:28.407651Z,458.0,C1BTHULB,176,White,Undergraduate degree (BA/BSc/other),57,Female,White,United States,United States,United States,English,No,"Not in paid work (e.g. homemaker', 'retired or disabled)"
66f1e853032450c7886a2ab7,66c42da12cca15dd8d446e9a,APPROVED,Not Applicable,2024-09-23T22:14:48.656000Z,2024-09-23T22:26:30.791000Z,2024-09-23T22:26:33.393000Z,2024-09-23T22:26:31.614404Z,703.0,C1BTHULB,98,Latino/Hispanic,High school diploma/A-levels,20,Male,Mixed,United States,United States,United States,English,No,Unemployed (and job seeking)
66f1e8597e7ceddf7d311ccf,668e256e72fec0873be580cd,APPROVED,Not Applicable,2024-09-23T22:14:57.879000Z,2024-09-23T22:24:49.955000Z,2024-09-23T22:24:50.857000Z,2024-09-23T22:24:51.428310Z,593.0,C1BTHULB,301,White,High school diploma/A-levels,30,Female,White,United States,United States,United States,English,No,Part-Time
66f1e85ec69af769abb32e14,66b63998f8c32bf55f1ebc27,APPROVED,Not Applicable,2024-09-23T22:15:14.145000Z,2024-09-23T22:17:43.475000Z,2024-09-24T16:29:12.329000Z,2024-09-23T22:17:44.147822Z,150.0,NOCODE,18,White,Graduate degree (MA/MSc/MPhil/other),30,Female,White,United States,United States,United States,English,No,Full-Time
66f1e8725b62903e86244a65,5c52016a3146f80001d47b26,APPROVED,Not Applicable,2024-09-23T22:15:20.279000Z,2024-09-23T22:34:41.106000Z,2024-09-23T22:34:43.115000Z,2024-09-23T22:34:41.736931Z,1161.0,C1BTHULB,3362,Mixed,Undergraduate degree (BA/BSc/other),31,Female,White,United States,United States,United States,English,No,Full-Time
66f1e8759085fd40a2ad2f51,65ae191c57e63be257b9df91,APPROVED,Not Applicable,2024-09-23T22:15:44.659000Z,2024-09-23T22:33:43.099000Z,2024-09-23T22:34:04.289000Z,2024-09-23T22:34:16.693665Z,1079.0,C1BTHULB,110,South Asian,Undergraduate degree (BA/BSc/other),26,Female,Asian,Pakistan,United States,United States,Urdu,DATA_EXPIRED,DATA_EXPIRED
66f1e8794114624d731be403,66eb0b3b306ab6b9b6b8bf42,APPROVED,Not Applicable,2024-09-23T22:16:27.739000Z,2024-09-23T22:38:22.765000Z,2024-09-23T22:38:29.433000Z,2024-09-23T22:38:24.312857Z,1316.0,C1BTHULB,10,East Asian,Undergraduate degree (BA/BSc/other),40,Male,Asian,United States,United States,United States,English,No,Other
66f1e87bd096f9e76255ecee,66788269add67a4a8e717ce2,APPROVED,Not Applicable,2024-09-23T22:15:29.638000Z,2024-09-23T22:35:31.017000Z,2024-09-23T22:35:31.868000Z,2024-09-23T22:35:31.768997Z,1202.0,C1BTHULB,232,White,Undergraduate degree (BA/BSc/other),49,Female,White,United States,United States,United States,English,No,Full-Time
66f1e8917b222b7c0b663b6e,5efc8ca828b0ee031d8e7148,APPROVED,Not Applicable,2024-09-23T22:15:50.879000Z,2024-09-23T22:27:13.528000Z,2024-09-23T22:27:14.343000Z,2024-09-23T22:27:16.651841Z,683.0,C1BTHULB,909,White,Technical/community college,39,Male,White,United States,United States,United States,English,Yes,Unemployed (and job seeking)
66f1e8935b62903e86244a72,66b377b54a0306cb5d379eca,APPROVED,Not Applicable,2024-09-23T22:15:52.679000Z,2024-09-23T22:29:10.026000Z,2024-09-23T22:31:23.258000Z,2024-09-23T22:31:36.449570Z,798.0,C1BTHULB,79,White,Undergraduate degree (BA/BSc/other),27,Male,White,United States,United States,United States,English,No,Due to start a new job within the next month
66f1e898f14a47a680e39c94,665a968a895ff62a86e127da,APPROVED,Not Applicable,2024-09-23T22:16:13.885000Z,2024-09-23T22:32:23.658000Z,2024-09-23T22:32:57.538000Z,2024-09-23T22:34:04.170844Z,970.0,C1BTHULB,76,White,Graduate degree (MA/MSc/MPhil/other),60,Male,White,United States,United States,United States,English,No,Other
66f1e8d9d6b85837fb834dd9,66ab741a8d04527401802317,APPROVED,Not Applicable,2024-09-23T22:17:09.513000Z,2024-09-23T22:34:34.724000Z,2024-09-23T22:34:38.355000Z,2024-09-23T22:34:35.323469Z,1046.0,C1BTHULB,55,White,High school diploma/A-levels,26,Female,White,United States,United States,United States,English,No,DATA_EXPIRED
66f1e8dcf8523059bc5db470,66aef94290666eb4db449ee1,APPROVED,Not Applicable,2024-09-23T22:25:28.991000Z,2024-09-23T22:36:50.355000Z,2024-09-23T22:36:52.039000Z,2024-09-23T22:36:50.953858Z,682.0,C1BTHULB,140,White,Doctorate degree (PhD/other),29,Female,White,United States,United States,United States,English,No,DATA_EXPIRED
66f1e8de5a58ab749c909084,63ae111b15843aca0165d6ae,APPROVED,Not Applicable,2024-09-23T22:17:09.276000Z,2024-09-23T22:38:58.575000Z,2024-09-23T22:41:34.158000Z,2024-09-23T22:41:11.266801Z,1310.0,C1BTHULB,1335,Black/African American,Undergraduate degree (BA/BSc/other),50,Female,Black,United States,United States,United States,English,Yes,Full-Time
66f1e8fc7e4e349fc4b7fd2c,65c113ea875215ba3406a943,APPROVED,Not Applicable,2024-09-23T22:18:39.021000Z,2024-09-23T22:45:25.736000Z,2024-09-23T22:45:28.006000Z,2024-09-23T22:45:26.389312Z,1607.0,C1BTHULB,69,Black/African American,Undergraduate degree (BA/BSc/other),30,Female,Black,United States,United States,United States,English,DATA_EXPIRED,Full-Time
66f1e8ff7a061efa90e8eb84,6658bba1a51a037d25bb677e,APPROVED,Not Applicable,2024-09-23T22:17:49.227000Z,2024-09-23T22:31:15.499000Z,2024-09-23T22:32:22.025000Z,2024-09-23T22:33:25.669900Z,807.0,C1BTHULB,34,White,Undergraduate degree (BA/BSc/other),32,Female,White,United States,United States,United States,English,No,"Not in paid work (e.g. homemaker', 'retired or disabled)"
66f1e901a6c47b3a99eb00cc,6111d9b2a1cae8c593eb0c52,APPROVED,Not Applicable,2024-09-23T22:17:53.594000Z,2024-09-23T22:37:34.348000Z,2024-09-23T22:37:35.895000Z,2024-09-23T22:37:35.795065Z,1181.0,C1BTHULB,151,Latino/Hispanic,Undergraduate degree (BA/BSc/other),27,Female,Other,United States,United States,United States,English,No,Full-Time
66f1e9033be2aea72be39a15,6013771e88f6992532013e14,APPROVED,Not Applicable,2024-09-23T22:17:45.177000Z,2024-09-23T22:40:25.075000Z,2024-09-23T22:43:02.517000Z,2024-09-23T22:41:30.688285Z,1360.0,C1BTHULB,780,White,Graduate degree (MA/MSc/MPhil/other),50,Female,White,United States,United States,United States,English,No,Full-Time
66f1e9049aa407c2fee67ebe,66f0d6a609c4c8c4a144d915,APPROVED,Not Applicable,2024-09-23T22:17:40.488000Z,2024-09-23T22:32:47.082000Z,2024-09-23T22:33:11.755000Z,2024-09-23T22:34:07.211429Z,907.0,C1BTHULB,11,White,High school diploma/A-levels,18,Male,White,United States,United States,United States,English,Yes,"Not in paid work (e.g. homemaker', 'retired or disabled)"
66f1e90f3593549ce4244940,66ef465b7cd1704ec292e384,APPROVED,Not Applicable,2024-09-23T22:18:02.568000Z,2024-09-23T22:31:34.811000Z,2024-09-23T22:32:30.124000Z,2024-09-23T22:33:36.345172Z,813.0,C1BTHULB,0,White,High school diploma/A-levels,20,Female,White,United States,United States,United States,English,Yes,Part-Time
66f1e91104020814f74d3713,664263b2dd12bcf328f62c8a,APPROVED,Not Applicable,2024-09-23T22:18:02.115000Z,2024-09-23T22:27:22.398000Z,2024-09-23T22:27:23.626000Z,2024-09-23T22:27:25.680363Z,561.0,C1BTHULB,246,East Asian,Undergraduate degree (BA/BSc/other),23,Female,Asian,United States,United States,United States,English,Yes,Full-Time
66f1e914a91cbbf2a3f6111d,662d3c40ac0b380cbf3d9cfd,APPROVED,Not Applicable,2024-09-23T22:18:02.649000Z,2024-09-23T23:12:26.898000Z,2024-09-23T23:12:28.966000Z,2024-09-23T23:12:28.099610Z,3265.0,C1BTHULB,438,White,Undergraduate degree (BA/BSc/other),56,Female,White,United States,United States,United States,English,No,"Not in paid work (e.g. homemaker', 'retired or disabled)"
66f1e93730d1183bbefa14d4,66c4e66928ea45d6fe845fdb,APPROVED,Not Applicable,2024-09-23T22:18:38.884000Z,2024-09-23T22:35:11.280000Z,2024-09-23T22:35:14.976000Z,2024-09-23T22:35:11.835058Z,993.0,C1BTHULB,5,East Asian,High school diploma/A-levels,20,Male,Asian,United States,United States,United States,English,Yes,Unemployed (and job seeking)
66f1e94aa25b91ae7b19560f,661c27545897e4caee79632e,APPROVED,Not Applicable,2024-09-23T22:18:59.483000Z,2024-09-23T22:29:35.809000Z,2024-09-23T22:31:35.583000Z,2024-09-23T22:31:54.363168Z,637.0,C1BTHULB,326,East Asian,Doctorate degree (PhD/other),37,Female,Asian,United States,United States,United States,English,No,Unemployed (and job seeking)
66f1e95f860efd1dd3c805a4,632cc94de6cf897beaa87e13,APPROVED,Not Applicable,2024-09-23T22:19:14.863000Z,2024-09-23T22:28:26.176000Z,2024-09-23T22:28:26.876000Z,2024-09-23T22:28:27.858419Z,552.0,C1BTHULB,1199,White,Undergraduate degree (BA/BSc/other),35,Male,White,United States,United States,United States,English,No,Part-Time
66f1e975c99218cc277f7641,66f0834cfafc555056a7818a,APPROVED,Not Applicable,2024-09-23T22:19:42.075000Z,2024-09-23T22:40:33.057000Z,2024-09-23T22:44:29.289000Z,2024-09-23T22:41:32.101422Z,1251.0,C1BTHULB,24,White,Undergraduate degree (BA/BSc/other),45,Male,White,United States,United States,United States,English,No,Full-Time
66f1e97be0289721161698b8,6604a9d94d79dc2edd913cdc,APPROVED,Not Applicable,2024-09-23T22:19:43.123000Z,2024-09-23T22:27:50.210000Z,2024-09-23T22:27:53.330000Z,2024-09-23T22:27:50.778766Z,488.0,C1BTHULB,623,Black/African American,Undergraduate degree (BA/BSc/other),54,Male,Black,United States,United States,United States,English,No,Full-Time
66f1e98225efac072270b645,589fa5e2a7d4580001042e86,APPROVED,Not Applicable,2024-09-23T22:19:52.223000Z,2024-09-23T22:30:01.793000Z,2024-09-23T22:31:44.787000Z,2024-09-23T22:32:05.274569Z,610.0,C1BTHULB,101,White,Graduate degree (MA/MSc/MPhil/other),31,Female,White,United States,United States,United States,English,No,Full-Time
66f1e98be484fd7284ad5c9a,5d460ce9ba790b0001dd488c,APPROVED,Not Applicable,2024-09-23T22:20:14.352000Z,2024-09-23T22:29:52.689000Z,2024-09-23T22:31:41.285000Z,2024-09-23T22:32:01.039347Z,579.0,C1BTHULB,527,White,Graduate degree (MA/MSc/MPhil/other),38,Female,White,United States,United States,United States,English,No,DATA_EXPIRED
66f1e99f77dccf4ead5db4bd,60955a048531613c66404fb2,APPROVED,Not Applicable,2024-09-23T22:20:27.715000Z,2024-09-23T22:30:27.127000Z,2024-09-23T22:31:55.613000Z,2024-09-23T22:32:21.611684Z,600.0,C1BTHULB,1251,Mixed,Undergraduate degree (BA/BSc/other),37,Female,Mixed,United States,United States,United States,English,No,Full-Time
66f1e9a342f504520c689745,663e3e56ef952864fc0e946c,APPROVED,Not Applicable,2024-09-23T22:20:27.984000Z,2024-09-24T03:23:27.374000Z,2024-09-24T03:23:27.744000Z,2024-09-24T03:23:27.879384Z,18180.0,Manual Completion,119,White,Undergraduate degree (BA/BSc/other),32,Female,White,United States,United States,United States,English,No,Full-Time
66f1e9a796420dbe5762638e,6107c50be2e5dbf6274d4657,APPROVED,Not Applicable,2024-09-23T22:20:29.665000Z,2024-09-23T22:45:01.350000Z,2024-09-23T22:45:07.755000Z,2024-09-23T22:45:02.220505Z,1472.0,C1BTHULB,760,Latino/Hispanic,High school diploma/A-levels,21,Male,Mixed,United States,United States,United States,English,DATA_EXPIRED,DATA_EXPIRED
66f1e9c9e484fd7284ad5ca2,62029b83ef1cb18a1337c854,APPROVED,Not Applicable,2024-09-23T22:21:02.624000Z,2024-09-23T22:36:16.246000Z,2024-09-23T22:36:17.821000Z,2024-09-23T22:36:16.994010Z,914.0,C1BTHULB,436,East Asian,Undergraduate degree (BA/BSc/other),30,Female,Asian,United States,United States,United States,English,DATA_EXPIRED,DATA_EXPIRED
66f1e9ccd8d9fa52aeaa0409,65c10efe2d3b8e53c08ce7fd,APPROVED,Not Applicable,2024-09-23T22:21:08.613000Z,2024-09-23T22:36:26.582000Z,2024-09-23T22:36:28.480000Z,2024-09-23T22:36:28.376600Z,918.0,C1BTHULB,384,Black/African American,Technical/community college,44,Female,Black,United States,United States,United States,English,No,Full-Time
66f1e9d742ee8ddf5f44f936,66e869441ac326a3a210a1c8,APPROVED,Not Applicable,2024-09-23T22:21:36.535000Z,2024-09-23T22:56:33.794000Z,2024-09-23T22:57:59.003000Z,2024-09-23T22:56:34.546695Z,2098.0,C1BTHULB,1,Other (please feel free to let us know your ethnicity via email),Technical/community college,30,Female,White,United States,United States,United States,English,No,Unemployed (and job seeking)
66f1e9db923631c63d75c650,65aa019ab320353c4c4ca682,APPROVED,Not Applicable,2024-09-23T22:21:19.467000Z,2024-09-23T22:34:17.417000Z,2024-09-23T22:34:18.534000Z,2024-09-23T22:34:20.817348Z,778.0,C1BTHULB,94,Mixed,Graduate degree (MA/MSc/MPhil/other),38,Female,Mixed,United States,United States,United States,English,Yes,Full-Time
66f1e9ddb0b672fe556867d3,60a460091dc9fd0814c2a561,APPROVED,Not Applicable,2024-09-23T22:21:24.551000Z,2024-09-23T22:37:40.870000Z,2024-09-23T22:37:46.740000Z,2024-09-23T22:37:41.641866Z,977.0,C1BTHULB,290,White,Undergraduate degree (BA/BSc/other),36,Female,White,United States,United States,United States,English,No,Other
66f1e9e296420dbe5762639c,66f091e2be9a6301cd4ec51c,APPROVED,Not Applicable,2024-09-23T22:21:35.651000Z,2024-09-23T22:35:54.793000Z,2024-09-23T22:35:56.956000Z,2024-09-23T22:35:55.486238Z,860.0,C1BTHULB,10,East Asian,High school diploma/A-levels,19,Male,Asian,United States,United States,United States,Chinese,Yes,Unemployed (and job seeking)
66f1e9e9fad75b9dd262613a,66ab8a47cca30675e4ea0847,APPROVED,Not Applicable,2024-09-23T22:21:39.174000Z,2024-09-23T22:32:26.663000Z,2024-09-23T22:32:59.518000Z,2024-09-23T22:34:04.455406Z,648.0,C1BTHULB,259,White,Secondary education (e.g. GED/GCSE),46,Female,White,United States,United States,United States,English,No,"Not in paid work (e.g. homemaker', 'retired or disabled)"
66f1e9f0304759b85925861c,6639768649728b5b7fb8bfaf,APPROVED,Not Applicable,2024-09-23T22:21:45.358000Z,2024-09-23T22:31:32.746000Z,2024-09-23T22:32:28.881000Z,2024-09-23T22:33:34.979490Z,588.0,C1BTHULB,312,White,High school diploma/A-levels,28,Male,White,United States,United States,United States,English,Yes,Unemployed (and job seeking)
66f1e9f48e0337ddde3ef612,665cdb3c64874f137f328314,APPROVED,Not Applicable,2024-09-23T22:21:47.095000Z,2024-09-23T22:28:33.027000Z,2024-09-23T22:28:33.902000Z,2024-09-23T22:28:34.456849Z,406.0,C1BTHULB,518,White,Undergraduate degree (BA/BSc/other),69,Female,White,United States,United States,United States,English,No,Other
66f1e9fc86943685aec35f20,667c554796c7fc3eefb6c4cf,APPROVED,Not Applicable,2024-09-23T22:21:52.290000Z,2024-09-23T22:34:50.695000Z,2024-09-23T22:34:57.097000Z,2024-09-23T22:34:51.536430Z,779.0,C1BTHULB,169,White,Graduate degree (MA/MSc/MPhil/other),44,Male,White,United States,United States,United States,English,No,Full-Time
66f1ea04783a3d815d6895df,664e072b7bdd8d485870a572,APPROVED,Not Applicable,2024-09-23T22:22:12.492000Z,2024-09-23T22:49:25.909000Z,2024-09-23T22:51:25.450000Z,2024-09-23T22:51:52.430608Z,1634.0,C1BTHULB,1,White,Undergraduate degree (BA/BSc/other),34,Male,White,United States,United States,United States,English,No,Part-Time
66f1ea0de0e219d7ba5a57ca,6670297f1e47e468c3605ef4,APPROVED,Not Applicable,2024-09-23T22:24:33.060000Z,2024-09-23T22:45:44.168000Z,2024-09-23T22:45:46.089000Z,2024-09-23T22:45:45.147537Z,1272.0,C1BTHULB,149,Latino/Hispanic,High school diploma/A-levels,35,Male,White,United States,United States,United States,English,No,Full-Time
66f1ea108870c1f3e9bfb74a,60fdc934e81b93f92f561d76,APPROVED,Not Applicable,2024-09-23T22:22:14.975000Z,2024-09-23T22:34:53.052000Z,2024-09-23T22:34:58.911000Z,2024-09-23T22:34:53.807257Z,759.0,C1BTHULB,1560,Latino/Hispanic,Undergraduate degree (BA/BSc/other),25,Female,White,United States,United States,United States,Spanish,Yes,Full-Time
66f1ea168870c1f3e9bfb74e,65cbaff16fb0903f2332d3a0,APPROVED,Not Applicable,2024-09-23T22:22:19.939000Z,2024-09-23T22:33:16.351000Z,2024-09-23T22:33:46.081000Z,2024-09-23T22:34:11.330756Z,657.0,C1BTHULB,75,South East Asian,Graduate degree (MA/MSc/MPhil/other),27,Female,Asian,United States,United States,United States,English,Yes,Full-Time
66f1ea1fff1a6bfd57633639,5c31870d8a20f50001ea9dfa,APPROVED,Not Applicable,2024-09-23T22:22:29.949000Z,2024-09-23T22:33:04.144000Z,2024-09-23T22:33:28.359000Z,2024-09-23T22:34:10.137644Z,635.0,C1BTHULB,543,White,Undergraduate degree (BA/BSc/other),38,Female,White,United States,United States,United States,English,No,Full-Time
66f1ea233be2aea72be39a57,66699cf8f21e06aaf88dda41,APPROVED,Not Applicable,2024-09-23T22:22:32.180000Z,2024-09-23T22:31:27.593000Z,2024-09-23T22:32:27.514000Z,2024-09-23T22:33:33.504361Z,536.0,C1BTHULB,405,White,High school diploma/A-levels,31,Female,White,United States,United States,United States,English,No,Full-Time
66f1ea24d09d427d6690443a,657f9ecdc7afa8708864c59b,APPROVED,Not Applicable,2024-09-23T22:22:40.363000Z,2024-09-23T22:40:33.192000Z,2024-09-23T22:43:06.033000Z,2024-09-23T22:41:32.388918Z,1073.0,C1BTHULB,1810,Mixed,Undergraduate degree (BA/BSc/other),29,Male,Mixed,United States,United States,United States,English,DATA_EXPIRED,DATA_EXPIRED
66f1ea271429262e1bca7e3a,66467574dad014b033fa664c,APPROVED,Not Applicable,2024-09-23T22:22:35.827000Z,2024-09-23T22:31:30.718000Z,2024-09-23T22:32:28.050000Z,2024-09-23T22:33:34.419552Z,535.0,C1BTHULB,254,White,Graduate degree (MA/MSc/MPhil/other),33,Male,White,United States,United States,United States,English,No,Full-Time
66f1ea2877dccf4ead5db4e0,5ec4b10f7e31c83a4d915cf6,APPROVED,Not Applicable,2024-09-23T22:23:15.117000Z,2024-09-23T22:38:40.263000Z,2024-09-23T22:41:17.296000Z,2024-09-23T22:41:08.843103Z,926.0,C1BTHULB,1837,South Asian,Doctorate degree (PhD/other),25,Male,Asian,United States,United States,United States,English,Yes,"Not in paid work (e.g. homemaker', 'retired or disabled)"
66f1ea460384c7938a443e81,65625c96b7c75898d14760ba,APPROVED,Not Applicable,2024-09-23T22:23:09.026000Z,2024-09-23T22:35:01.064000Z,2024-09-23T22:35:01.998000Z,2024-09-23T22:35:02.259798Z,713.0,C1BTHULB,147,Black/African American,High school diploma/A-levels,26,Female,Black,United States,United States,United States,English,No,Unemployed (and job seeking)
66f1ea4cd9cb1d7e16686a21,6650da43a82f01840447bcbe,APPROVED,Not Applicable,2024-09-23T22:23:15.194000Z,2024-09-23T22:36:08.647000Z,2024-09-23T22:36:10.858000Z,2024-09-23T22:36:09.694532Z,774.0,C1BTHULB,319,Latino/Hispanic,High school diploma/A-levels,25,Male,Other,United States,United States,United States,English,No,Full-Time
66f1ea4f1429262e1bca7e46,6400dc073892deb3d98c8232,APPROVED,Not Applicable,2024-09-23T22:23:20.031000Z,2024-09-23T22:37:18.431000Z,2024-09-23T22:37:19.262000Z,2024-09-23T22:37:19.190831Z,839.0,C1BTHULB,148,Mixed,Technical/community college,28,Male,Mixed,United States,United States,United States,English,Yes,Part-Time
66f1ea5ad8d9fa52aeaa042a,663bed1750f26c425d62f57e,APPROVED,Not Applicable,2024-09-23T22:23:29.864000Z,2024-09-23T22:38:54.626000Z,2024-09-23T22:41:30.140000Z,2024-09-23T22:41:10.572541Z,925.0,C1BTHULB,551,White,Technical/community college,51,Male,White,United States,United States,United States,English,No,Full-Time
66f1ea645b62903e86244ae0,6115a8dde68c2fd93db65dfd,APPROVED,Not Applicable,2024-09-23T22:23:43.122000Z,2024-09-23T22:36:05.880000Z,2024-09-23T22:36:11.651000Z,2024-09-23T22:36:06.505060Z,743.0,C1BTHULB,544,White,High school diploma/A-levels,24,Female,White,United States,United States,United States,English,Yes,"Not in paid work (e.g. homemaker', 'retired or disabled)"
66f1ea6bd096f9e76255ed83,65dffbcc9f615a8920ede722,APPROVED,Not Applicable,2024-09-23T22:23:50.031000Z,2024-09-23T22:36:04.762000Z,2024-09-23T22:36:08.252000Z,2024-09-23T22:36:05.412665Z,735.0,C1BTHULB,191,White,High school diploma/A-levels,33,Female,White,United States,United States,United States,English,No,"Not in paid work (e.g. homemaker', 'retired or disabled)"
66f1ea6e40bb7ef269e3deef,5e4817a6e98da32bd77e901e,APPROVED,Not Applicable,2024-09-23T22:23:47.384000Z,2024-09-23T22:40:18.121000Z,2024-09-23T22:42:57.948000Z,2024-09-23T22:41:29.055209Z,991.0,C1BTHULB,2321,White,Undergraduate degree (BA/BSc/other),30,Male,White,United States,United States,United States,English,DATA_EXPIRED,Full-Time
66f1ea70228c3fdf90908d97,63ced96b01986b01ef133497,APPROVED,Not Applicable,2024-09-23T22:23:47.610000Z,2024-09-23T22:27:42.516000Z,2024-09-24T16:29:12.610000Z,2024-09-23T22:27:46.285247Z,235.0,C1BTHULB,1775,Latino/Hispanic,High school diploma/A-levels,27,Female,White,United States,United States,United States,English,No,Full-Time
66f1ea735a58ab749c9090ea,5a9b7272f05361000171feef,APPROVED,Not Applicable,2024-09-23T22:24:00.663000Z,2024-09-23T22:32:56.564000Z,2024-09-23T22:33:20.509000Z,2024-09-23T22:34:07.940162Z,536.0,C1BTHULB,2986,Black/African American,Technical/community college,59,Female,Black,United States,United States,United States,English,No,Full-Time
66f1ea7da25b91ae7b195646,60e36d56350e661cf50f2c7e,APPROVED,Not Applicable,2024-09-23T22:24:38.184000Z,2024-09-23T22:37:21.219000Z,2024-09-23T22:37:24.704000Z,2024-09-23T22:37:21.877764Z,764.0,C1BTHULB,2608,East Asian,Undergraduate degree (BA/BSc/other),49,Female,Asian,Philippines,United States,United States,Tagalog-Filipino,No,Part-Time
66f1ea8ab225c25c4397a9eb,6078b4ad9006e4f6572dde97,APPROVED,Not Applicable,2024-09-23T22:24:17.633000Z,2024-09-23T22:39:24.919000Z,2024-09-23T22:42:05.011000Z,2024-09-23T22:41:17.757542Z,908.0,C1BTHULB,1767,Black/African American,High school diploma/A-levels,27,Male,Black,United States,United States,United States,English,No,Full-Time
66f1ea91dfba0271bdc8fa79,6625c1592599fcc4ab441841,APPROVED,Not Applicable,2024-09-23T22:24:21.909000Z,2024-09-23T22:41:25.056000Z,2024-09-23T22:43:24.965000Z,2024-09-23T22:42:13.212267Z,1024.0,C1BTHULB,264,Latino/Hispanic,Undergraduate degree (BA/BSc/other),37,Male,Other,Puerto Rico,United States,United States,Spanish,No,Full-Time
66f1ea91e7c8e4f01c1b9cfe,663eb327f5dc7af6ccc1bd44,APPROVED,Not Applicable,2024-09-23T22:24:25.217000Z,2024-09-23T22:39:53.505000Z,2024-09-23T22:42:40.718000Z,2024-09-23T22:41:25.860141Z,929.0,C1BTHULB,236,White,Undergraduate degree (BA/BSc/other),74,Female,White,United States,United States,United States,English,No,"Not in paid work (e.g. homemaker', 'retired or disabled)"
66f1ea938bfb376b731b9d0e,6537fbfa80bf977dd6954d58,APPROVED,Not Applicable,2024-09-23T22:24:25.774000Z,2024-09-23T22:35:22.873000Z,2024-09-23T22:35:26.974000Z,2024-09-23T22:35:23.774910Z,658.0,C1BTHULB,652,White,High school diploma/A-levels,64,Male,White,United States,United States,United States,English,No,"Not in paid work (e.g. homemaker', 'retired or disabled)"
66f1ea9ff578d9e4c27f4bee,6685abbd83e060274844e7f2,APPROVED,Not Applicable,2024-09-23T22:24:38.228000Z,2024-09-23T22:35:40.045000Z,2024-09-23T22:35:41.116000Z,2024-09-23T22:35:40.802930Z,662.0,C1BTHULB,499,Black/African American,Technical/community college,19,Male,Black,Burundi,United States,United States,English,Yes,Part-Time
66f1eaa2c32b836c02fd1955,5e59feea5bb31220840c12c6,APPROVED,Not Applicable,2024-09-23T22:24:42.741000Z,2024-09-23T22:40:57.399000Z,2024-09-23T22:43:13.323000Z,2024-09-23T22:41:35.079413Z,975.0,C1BTHULB,2235,White,Undergraduate degree (BA/BSc/other),27,Male,White,United States,United States,United States,English,No,Full-Time
66f1eaa7f14a47a680e39d22,64056843d93dab3b9c4de01e,APPROVED,Not Applicable,2024-09-23T22:24:46.064000Z,2024-09-23T22:43:09.401000Z,2024-09-23T22:44:34.465000Z,2024-09-23T22:44:01.799453Z,1104.0,C1BTHULB,392,White,High school diploma/A-levels,23,Male,White,United States,United States,United States,English,Yes,Other
66f1eaab04020814f74d3777,66b6a52e254b0021e8e40794,APPROVED,Not Applicable,2024-09-23T22:24:48.595000Z,2024-09-23T22:44:00.826000Z,2024-09-23T22:44:22.577000Z,2024-09-23T22:44:12.884449Z,1153.0,C1BTHULB,96,Caribbean,Technical/community college,21,Female,Black,United States,United States,United States,English,No,DATA_EXPIRED
66f1eaad906096a4cd410e71,5e7908b92d882b4b6d8fa8e1,APPROVED,Not Applicable,2024-09-23T22:24:54.326000Z,2024-09-23T22:31:38.638000Z,2024-09-23T22:32:31.937000Z,2024-09-23T22:33:38.136057Z,405.0,C1BTHULB,1447,Mixed,Undergraduate degree (BA/BSc/other),23,Female,Mixed,United States,United States,United States,English,Yes,"Not in paid work (e.g. homemaker', 'retired or disabled)"
66f1eab067631c6a84b80aa6,665f83f0981e75cd14707ae8,APPROVED,Not Applicable,2024-09-23T22:24:53.703000Z,2024-09-23T22:41:56.425000Z,2024-09-23T22:43:57.951000Z,2024-09-23T22:42:46.901155Z,1023.0,C1BTHULB,577,White,Technical/community college,34,Male,White,United States,United States,United States,English,No,Full-Time
66f1eab7b25a04b169017735,64f6611aac44a3499e6c108e,APPROVED,Not Applicable,2024-09-23T22:25:03.356000Z,2024-09-23T22:44:00.423000Z,2024-09-23T22:44:17.555000Z,2024-09-23T22:44:12.896489Z,1138.0,C1BTHULB,243,Black/African American,Technical/community college,36,Male,Black,United States,United States,United States,English,No,Unemployed (and job seeking)
66f1eab81013448540c36207,65eb4bf83cd8843ed9896ba3,APPROVED,Not Applicable,2024-09-23T22:25:03.483000Z,2024-09-23T22:33:18.985000Z,2024-09-23T22:33:49.424000Z,2024-09-23T22:34:12.072878Z,496.0,C1BTHULB,1448,White Sephardic Jew,Undergraduate degree (BA/BSc/other),24,Male,White,United States,United States,United States,English,No,Full-Time
66f1eabe42f4af15407625ca,65f29ea693beb1fccff50fad,APPROVED,Not Applicable,2024-09-23T22:25:17.684000Z,2024-09-23T22:40:21.937000Z,2024-09-23T22:43:00.411000Z,2024-09-23T22:41:29.980426Z,905.0,C1BTHULB,86,Black/African American,High school diploma/A-levels,20,Male,Black,United States,United States,United States,English,DATA_EXPIRED,DATA_EXPIRED
66f1eabec69af769abb32e83,614fca8245a450546842e487,APPROVED,Not Applicable,2024-09-23T22:25:11.747000Z,2024-09-23T22:39:45.611000Z,2024-09-23T22:42:30.320000Z,2024-09-23T22:41:23.724443Z,874.0,C1BTHULB,3656,White,Undergraduate degree (BA/BSc/other),64,Female,White,United States,United States,United States,English,No,Part-Time
66f1eac214f71b3da9a6d45e,5eb087ed7f6d1e1232690d6a,APPROVED,Not Applicable,2024-09-23T22:25:18.357000Z,2024-09-23T22:39:05.394000Z,2024-09-23T22:41:41.913000Z,2024-09-23T22:41:12.139444Z,828.0,C1BTHULB,2540,White,Graduate degree (MA/MSc/MPhil/other),64,Female,White,United States,United States,United States,English,No,"Not in paid work (e.g. homemaker', 'retired or disabled)"
66f1eac3bc6d5377c2815246,66e9f4f876ee6145aa2aebf6,APPROVED,Not Applicable,2024-09-23T22:25:16.624000Z,2024-09-23T22:34:32.191000Z,2024-09-23T22:34:33.349000Z,2024-09-23T22:34:33.040981Z,556.0,C1BTHULB,4,White,High school diploma/A-levels,18,Female,White,United States,United States,United States,English,No,Unemployed (and job seeking)
66f1eac5a59b2e9f17f2bec5,6637ab1c83f2d63a3762300c,APPROVED,Not Applicable,2024-09-23T22:25:14.523000Z,2024-09-23T22:39:23.175000Z,2024-09-23T22:42:01.435000Z,2024-09-23T22:41:17.599254Z,849.0,C1BTHULB,110,White,Doctorate degree (PhD/other),52,Female,White,Japan,United States,United States,English,No,Part-Time
66f1eac6f36f2dd11249fb5e,66ef990f3df757c9cf954086,APPROVED,Not Applicable,2024-09-23T22:25:27.840000Z,2024-09-23T22:52:14.320000Z,2024-09-23T22:52:19.551000Z,2024-09-23T22:53:41.165829Z,1607.0,C1BTHULB,3,Black/African American,High school diploma/A-levels,59,Female,Black,United States,United States,United States,English,No,Unemployed (and job seeking)
66f1ead7d09d427d6690445b,5d29346269a747001acdb205,APPROVED,Not Applicable,2024-09-23T22:25:32.920000Z,2024-09-23T22:44:10.075000Z,2024-09-23T22:44:24.212000Z,2024-09-23T22:44:16.442992Z,1118.0,C1BTHULB,4117,White Sephardic Jew,Graduate degree (MA/MSc/MPhil/other),43,Female,White,United States,United States,United States,English,No,Part-Time
66f1ead8556849a78844fbdf,667b0420c685160b2149dda5,APPROVED,Not Applicable,2024-09-23T22:25:33.997000Z,2024-09-23T22:38:20.836000Z,2024-09-23T22:38:27.337000Z,2024-09-23T22:38:21.484209Z,767.0,C1BTHULB,95,East Asian,Undergraduate degree (BA/BSc/other),33,Female,Asian,Taiwan,United States,United States,Chinese,No,Unemployed (and job seeking)
66f1eae95a58ab749c909104,65ddb419cd6dd91fdbe6dbdc,APPROVED,Not Applicable,2024-09-23T22:25:52.188000Z,2024-09-23T22:34:50.620000Z,2024-09-23T22:34:54.075000Z,2024-09-23T22:34:51.284066Z,539.0,C1BTHULB,131,White,High school diploma/A-levels,19,Female,White,United States,United States,United States,English,DATA_EXPIRED,DATA_EXPIRED
66f1eaefd8d9fa52aeaa044c,62b5da77688feb883eba275d,APPROVED,Not Applicable,2024-09-23T22:25:56.370000Z,2024-09-23T22:38:35.888000Z,2024-09-23T22:41:15.044000Z,2024-09-23T22:41:08.429609Z,760.0,C1BTHULB,4182,White,High school diploma/A-levels,53,Male,White,United States,United States,United States,English,No,Full-Time
66f1eafab04f13110f25de76,603bef3bffe72f8b0a6b55c4,APPROVED,Not Applicable,2024-09-23T22:26:42.940000Z,2024-09-23T22:41:18.898000Z,2024-09-23T22:43:22.026000Z,2024-09-23T22:42:05.049976Z,876.0,C1BTHULB,1817,White,High school diploma/A-levels,29,Male,White,United States,United States,United States,English,No,Full-Time
66f1eb0a9e5bb2ff5ceb0239,5e29cddff4a305034a1c6cd9,APPROVED,Not Applicable,2024-09-23T22:26:28.563000Z,2024-09-23T22:34:19.168000Z,2024-09-23T22:34:19.957000Z,2024-09-23T22:34:20.961124Z,471.0,C1BTHULB,424,White,High school diploma/A-levels,47,Male,White,United States,United States,United States,English,DATA_EXPIRED,DATA_EXPIRED
66f1eb0c0381296a52410bf3,636189bb9d588dc0995920fb,APPROVED,Not Applicable,2024-09-23T22:26:26.035000Z,2024-09-23T22:40:30.715000Z,2024-09-23T22:43:04.860000Z,2024-09-23T22:41:31.342017Z,845.0,C1BTHULB,3193,White,Undergraduate degree (BA/BSc/other),36,Male,White,United States,United States,United States,English,DATA_EXPIRED,DATA_EXPIRED
66f1eb128bd214089e2e60ee,60f88d339e8a4df4bf25f8b0,APPROVED,Not Applicable,2024-09-23T22:26:35.053000Z,2024-09-23T22:42:49.184000Z,2024-09-23T22:44:09.448000Z,2024-09-23T22:43:46.452242Z,975.0,C1BTHULB,880,White,Technical/community college,43,Male,White,United States,United States,United States,English,No,Full-Time
66f1eb1fd37a657d7e55ef5e,65c69497ab503bf918ddd5b7,APPROVED,Not Applicable,2024-09-23T22:33:29.775000Z,2024-09-23T23:00:54.869000Z,2024-09-23T23:01:13.759000Z,2024-09-23T23:01:49.557950Z,1646.0,C1BTHULB,385,Black/African American,Graduate degree (MA/MSc/MPhil/other),58,Male,Black,Ghana,United States,United States,English,No,DATA_EXPIRED
66f1eb223fe6d659ae1717c9,62828045bb88107013fe7d54,APPROVED,Not Applicable,2024-09-23T22:27:25.594000Z,2024-09-23T22:39:25.197000Z,2024-09-23T22:42:04.256000Z,2024-09-23T22:41:18.579210Z,720.0,C1BTHULB,465,East Asian,Undergraduate degree (BA/BSc/other),25,Female,Asian,United States,United States,United States,English,No,DATA_EXPIRED
66f1eb2bcb2de3b24285fdf0,63d404f4eaf69448ef9e09e6,APPROVED,Not Applicable,2024-09-23T22:26:58.880000Z,2024-09-23T22:40:40.507000Z,2024-09-23T22:43:08.807000Z,2024-09-23T22:41:33.749621Z,822.0,C1BTHULB,1052,East Asian,Graduate degree (MA/MSc/MPhil/other),37,Male,Asian,United States,United States,United States,English,DATA_EXPIRED,DATA_EXPIRED
66f1eb2f53b506aff00a9f43,66afd96897e64ee0134b5410,APPROVED,Not Applicable,2024-09-23T22:27:02.071000Z,2024-09-23T22:33:57.536000Z,2024-09-23T22:34:09.739000Z,2024-09-23T22:34:18.394146Z,416.0,C1BTHULB,108,Mixed,High school diploma/A-levels,32,Male,White,United States,United States,United States,English,No,DATA_EXPIRED
66f1eb34860efd1dd3c80613,6637c22416833cde27f2923e,APPROVED,Not Applicable,2024-09-23T22:27:04.089000Z,2024-09-23T22:43:53.416000Z,2024-09-23T22:44:16.526000Z,2024-09-23T22:44:10.862821Z,1010.0,C1BTHULB,453,South East Asian,Undergraduate degree (BA/BSc/other),43,Male,Asian,United States,United States,United States,English,No,Full-Time
66f1eb40a8a57c2f05827c89,6333103245619932bba4c8f6,APPROVED,Not Applicable,2024-09-23T22:27:18.072000Z,2024-09-23T22:42:55.310000Z,2024-09-23T22:44:10.280000Z,2024-09-23T22:43:51.780611Z,938.0,C1BTHULB,1966,Latino/Hispanic,Graduate degree (MA/MSc/MPhil/other),44,Male,White,Puerto Rico,United States,United States,Spanish,No,Full-Time
66f1eb41e484fd7284ad5d03,5cc93ce7627fc30013fc22aa,APPROVED,Not Applicable,2024-09-23T22:27:17.965000Z,2024-09-23T22:34:52.395000Z,2024-09-23T22:34:58.239000Z,2024-09-23T22:34:53.110374Z,455.0,C1BTHULB,2001,Latino/Hispanic,Technical/community college,27,Male,White,United States,United States,United States,English,Yes,Full-Time
66f1eb42f43c4ffd48e8eb70,663a5d8c26ac1b80fcf2d470,APPROVED,Not Applicable,2024-09-23T22:27:22.239000Z,2024-09-23T22:48:15.286000Z,2024-09-23T22:48:16.093000Z,2024-09-23T22:48:15.972102Z,1254.0,C1BTHULB,110,White,Undergraduate degree (BA/BSc/other),24,Female,White,United States,United States,United States,English,No,Full-Time
66f1eb431c2b3284c8306a77,5b8e9747a862a6000120a050,APPROVED,Not Applicable,2024-09-23T22:27:20.661000Z,2024-09-23T22:36:38.765000Z,2024-09-23T22:36:42.521000Z,2024-09-23T22:36:39.902483Z,559.0,C1BTHULB,2809,White,Graduate degree (MA/MSc/MPhil/other),37,Male,White,United States,United States,United States,English,No,Full-Time
66f1eb4ad6d96a26c42dbc56,63d801854282422363c75788,APPROVED,Not Applicable,2024-09-23T22:27:36.275000Z,2024-09-23T22:45:08.748000Z,2024-09-23T22:45:11.510000Z,2024-09-23T22:45:09.565004Z,1053.0,C1BTHULB,1790,White,Graduate degree (MA/MSc/MPhil/other),37,Male,White,United States,United States,United States,English,No,Full-Time
66f1eb501c2b3284c8306a7e,669ecc103e43370cd5ace699,APPROVED,Not Applicable,2024-09-23T22:27:34.476000Z,2024-09-23T22:41:03.839000Z,2024-09-23T22:43:16.290000Z,2024-09-23T22:41:51.627039Z,810.0,C1BTHULB,225,Mixed,Technical/community college,44,Male,Mixed,United States,United States,United States,English,No,Full-Time
66f1eb53a25b91ae7b19566d,65e1e9b9ab7f9020af604e7e,APPROVED,Not Applicable,2024-09-23T22:27:37.500000Z,2024-09-23T22:39:15.868000Z,2024-09-23T22:41:54.197000Z,2024-09-23T22:41:15.993452Z,699.0,C1BTHULB,804,White,Technical/community college,44,Male,White,United States,United States,United States,English,No,DATA_EXPIRED
66f1eb690b454e88581be637,653ef86a871abcbdfdaefc23,APPROVED,Not Applicable,2024-09-23T22:37:47.969000Z,2024-09-23T23:10:50.010000Z,2024-09-23T23:11:20.403000Z,2024-09-23T23:11:27.237994Z,1983.0,C1BTHULB,824,Mixed,Undergraduate degree (BA/BSc/other),35,Male,Mixed,United Kingdom,United States,United States,English,DATA_EXPIRED,DATA_EXPIRED
66f1eb7dcb2de3b24285fe13,5e25c1a57d6cd1000cf870b8,APPROVED,Not Applicable,2024-09-23T22:28:22.252000Z,2024-09-23T22:52:41.009000Z,2024-09-23T22:52:42.605000Z,2024-09-23T22:53:50.020850Z,1459.0,C1BTHULB,3019,White,Graduate degree (MA/MSc/MPhil/other),38,Male,White,United States,United States,United States,English,No,Full-Time
66f1eb7ef43c4ffd48e8eb7f,62c61d523167ae5eafc98e6c,APPROVED,Not Applicable,2024-09-23T22:28:19.140000Z,2024-09-23T22:49:29.545000Z,2024-09-23T22:51:25.823000Z,2024-09-23T22:51:54.130152Z,1271.0,C1BTHULB,1828,White,Graduate degree (MA/MSc/MPhil/other),31,Male,White,United States,United States,United States,English,No,Full-Time
66f1ebb061ed05e4d525f0c6,60e6856894db4b6b78770a18,APPROVED,Not Applicable,2024-09-23T22:29:11.379000Z,2024-09-23T22:37:39.713000Z,2024-09-23T22:37:42.905000Z,2024-09-23T22:37:40.416903Z,509.0,C1BTHULB,578,White,High school diploma/A-levels,43,Female,White,United States,United States,United States,English,No,Full-Time
66f1ebb9304759b859258695,66342261ab8b47a617469842,APPROVED,Not Applicable,2024-09-23T22:29:19.551000Z,2024-09-23T22:43:28.255000Z,2024-09-23T22:44:13.136000Z,2024-09-23T22:44:05.873090Z,849.0,C1BTHULB,73,Black/African American,Technical/community college,33,Female,Mixed,United States,United States,United States,English,Yes,Due to start a new job within the next month
66f1ebc3c22c55c980aa02d3,665f40291c9963a714680998,APPROVED,Not Applicable,2024-09-23T22:33:40.433000Z,2024-09-23T22:58:25.398000Z,2024-09-23T23:00:24.349000Z,2024-09-23T23:00:29.318050Z,1485.0,C1BTHULB,228,White,Technical/community college,32,Male,Other,United States,United States,United States,English,DATA_EXPIRED,Full-Time
66f1ebcc43ece18b98195a6b,65d69e1a627a85cbe8696c6d,APPROVED,Not Applicable,2024-09-23T22:32:58.326000Z,2024-09-23T22:44:59.821000Z,2024-09-23T22:45:02.760000Z,2024-09-23T22:45:00.703665Z,722.0,C1BTHULB,7,South Asian,Undergraduate degree (BA/BSc/other),33,Male,Asian,United States,United States,United States,English,No,Part-Time
66f1ebccf6e10e20fb125e20,60fd16fa5143ab9c95b7b861,APPROVED,Not Applicable,2024-09-23T22:29:37.344000Z,2024-09-23T22:38:24.220000Z,2024-09-23T22:38:29.946000Z,2024-09-23T22:38:24.839622Z,527.0,C1BTHULB,185,White,Technical/community college,22,Female,White,United States,United States,United States,English,No,Full-Time
66f1ebe3c22c55c980aa02dd,66577b8c804307020201a131,APPROVED,Not Applicable,2024-09-23T22:30:02.580000Z,2024-09-23T22:47:52.871000Z,2024-09-23T22:47:55.125000Z,2024-09-23T22:47:53.630831Z,1071.0,C1BTHULB,124,East Asian,Undergraduate degree (BA/BSc/other),29,Male,Asian,United States,United States,United States,English,No,Unemployed (and job seeking)
66f1ebe5860efd1dd3c80641,5b15307351caaf0001228d9b,APPROVED,Not Applicable,2024-09-23T22:30:25.923000Z,2024-09-23T22:47:50.325000Z,2024-09-23T22:47:52.729000Z,2024-09-23T22:47:51.288054Z,1045.0,C1BTHULB,4739,White,Technical/community college,34,Female,White,United States,United States,United States,English,No,"Not in paid work (e.g. homemaker', 'retired or disabled)"
66f1ebe9a25b91ae7b195693,6698562e44e4613d7e01dd9f,APPROVED,Not Applicable,2024-09-23T22:30:06.406000Z,2024-09-23T22:39:51.022000Z,2024-09-23T22:42:36.043000Z,2024-09-23T22:41:25.269529Z,585.0,C1BTHULB,285,White,Technical/community college,49,Female,White,United States,United States,United States,English,Yes,Full-Time
66f1ebeb5c7c62b1e4f897ad,662fe2cc375d0c558f74a8fb,APPROVED,Not Applicable,2024-09-23T22:30:10.097000Z,2024-09-23T22:33:46.713000Z,2024-09-24T16:29:12.890000Z,2024-09-23T22:34:17.635755Z,217.0,C1BTHULB,372,White,Undergraduate degree (BA/BSc/other),41,Female,White,United States,United States,United States,English,No,Full-Time
66f1ebf4ba9ac08222311d40,668103f42ae80cacff1527dd,APPROVED,Not Applicable,2024-09-23T22:30:17.987000Z,2024-09-23T22:48:47.968000Z,2024-09-23T22:51:17.566000Z,2024-09-23T22:51:23.633101Z,1110.0,C1BTHULB,121,White,Undergraduate degree (BA/BSc/other),23,Female,White,United States,United States,United States,English,No,DATA_EXPIRED
66f1ebf75c7c62b1e4f897b5,6633b3601c5582711fb31d46,APPROVED,Not Applicable,2024-09-23T22:30:23.061000Z,2024-09-23T22:37:25.581000Z,2024-09-23T22:37:26.462000Z,2024-09-23T22:37:26.367421Z,423.0,C1BTHULB,497,Latino/Hispanic,Technical/community college,29,Female,White,Colombia,United States,United States,Spanish,Yes,Full-Time
66f1ec05bc9cef0a0c0ebfd3,60fee8accc3a1247684fbe16,APPROVED,Not Applicable,2024-09-23T22:30:34.723000Z,2024-09-23T22:41:22.709000Z,2024-09-23T22:43:23.948000Z,2024-09-23T22:42:10.636733Z,648.0,C1BTHULB,1049,White,Undergraduate degree (BA/BSc/other),27,Female,White,United States,United States,United States,English,No,DATA_EXPIRED
66f1ec0842ee8ddf5f44f9bc,66ea69f3fac126df64c9e68e,APPROVED,Not Applicable,2024-09-23T22:30:42.295000Z,2024-09-23T22:53:23.021000Z,2024-09-23T22:53:24.246000Z,2024-09-23T22:54:00.053140Z,1361.0,C1BTHULB,21,White,High school diploma/A-levels,24,Male,White,United States,United States,United States,English,Yes,Other
66f1ec09bcb152b0ee16fc78,5f1dc8e9a351ad07a95854c1,APPROVED,Not Applicable,2024-09-23T22:30:38.517000Z,2024-09-23T22:34:08.296000Z,2024-09-24T16:29:11.774000Z,2024-09-23T22:34:19.072557Z,210.0,C1BTHULB,1132,White,Graduate degree (MA/MSc/MPhil/other),28,Male,White,United States,United States,United States,English,Yes,Part-Time
66f1ec0d6a34f4ec03b32ba5,6413a350a3150081eeb69d44,APPROVED,Not Applicable,2024-09-23T22:30:45.073000Z,2024-09-23T22:43:09.154000Z,2024-09-23T22:44:44.659000Z,2024-09-23T22:44:01.554602Z,745.0,C1BTHULB,79,Latino/Hispanic,High school diploma/A-levels,44,Male,White,United States,United States,United States,English,No,Part-Time
66f1ec0ed4608543f7ee1a21,66d29cb6bb6dc859c3baa700,APPROVED,Not Applicable,2024-09-23T22:30:46.716000Z,2024-09-23T22:43:31.150000Z,2024-09-23T22:44:19.754000Z,2024-09-23T22:44:06.130322Z,765.0,C1BTHULB,68,White,Graduate degree (MA/MSc/MPhil/other),52,Male,White,United States,United States,United States,English,No,Full-Time
66f1ec1439d657a09ccc0694,597b81f3de42bf000181db0b,APPROVED,Not Applicable,2024-09-23T22:30:48.374000Z,2024-09-23T22:51:54.912000Z,2024-09-23T22:51:55.846000Z,2024-09-23T22:53:35.794542Z,1267.0,C1BTHULB,2959,White,High school diploma/A-levels,42,Male,White,United States,United States,United States,English,No,DATA_EXPIRED
66f1ec1e24eaa71730ee1cb0,5b14b4babd9c31000156ebc4,APPROVED,Not Applicable,2024-09-23T22:31:00.668000Z,2024-09-23T22:48:28.150000Z,2024-09-23T22:48:34.212000Z,2024-09-23T22:48:29.069389Z,1048.0,C1BTHULB,702,White,High school diploma/A-levels,25,Male,White,United States,United States,United States,English,No,Other
66f1ec1faeec1acfcdc85957,66ee356a99ee2ee7e550eca4,APPROVED,Not Applicable,2024-09-23T22:31:03.092000Z,2024-09-23T22:42:56.688000Z,2024-09-23T22:44:19.066000Z,2024-09-23T22:43:52.560707Z,714.0,C1BTHULB,3,Latino/Hispanic,Technical/community college,30,Male,White,United States,United States,United States,English,No,DATA_EXPIRED
66f1ec3434d74ccd8fad34a4,66916c1e28a72d1606cde8fc,APPROVED,Not Applicable,2024-09-23T22:31:28.325000Z,2024-09-23T22:54:18.768000Z,2024-09-23T22:54:19.729000Z,2024-09-23T22:54:19.513378Z,1371.0,C1BTHULB,134,Black/African American,Undergraduate degree (BA/BSc/other),44,Female,Black,Kenya,United States,United States,English,No,Full-Time
66f1ec3ce7c8e4f01c1b9d6c,66eddcfe67e927db6f0a4768,APPROVED,Not Applicable,2024-09-23T22:31:33.951000Z,2024-09-23T22:46:52.570000Z,2024-09-23T22:46:53.429000Z,2024-09-23T22:46:53.665889Z,919.0,C1BTHULB,7,White,Undergraduate degree (BA/BSc/other),36,Female,White,United States,United States,United States,English,No,"Not in paid work (e.g. homemaker', 'retired or disabled)"
66f1ec3f43ece18b98195a8f,607802b6d705eba12dcc4413,APPROVED,Not Applicable,2024-09-23T22:31:35.816000Z,2024-09-23T22:46:14.050000Z,2024-09-23T22:46:15.769000Z,2024-09-23T22:46:14.718433Z,879.0,C1BTHULB,2422,East Asian,Graduate degree (MA/MSc/MPhil/other),39,Female,Asian,United States,United States,United States,English,No,Part-Time
66f1ec40f3163d2e89124595,6286b299b72d9737157f9a66,APPROVED,Not Applicable,2024-09-23T22:31:33.236000Z,2024-09-23T22:42:38.811000Z,2024-09-23T22:44:08.275000Z,2024-09-23T22:43:35.962165Z,666.0,C1BTHULB,3264,Latino/Hispanic,Undergraduate degree (BA/BSc/other),33,Male,Mixed,United States,United States,United States,English,No,Full-Time
66f1ec43784448973e02f0f9,66db03ab939bf8d44a2d9d47,APPROVED,Not Applicable,2024-09-23T22:31:36.684000Z,2024-09-23T22:43:45.409000Z,2024-09-23T22:44:15.386000Z,2024-09-23T22:44:08.543267Z,729.0,C1BTHULB,23,Black/African American,Undergraduate degree (BA/BSc/other),32,Male,Black,United States,United States,United States,English,No,Part-Time
66f1ec446bc90c49173f7217,66be5fde262694b5262482b1,APPROVED,Not Applicable,2024-09-23T22:31:38.331000Z,2024-09-23T22:43:43.448000Z,2024-09-23T22:44:27.772000Z,2024-09-23T22:44:07.826922Z,726.0,C1BTHULB,113,White,High school diploma/A-levels,52,Female,White,United States,United States,United States,English,No,Part-Time
66f1ec448440daf87e258592,6101ca2b4ef4ff44381fe3cd,APPROVED,Not Applicable,2024-09-23T22:31:48.804000Z,2024-09-23T22:43:00.816000Z,2024-09-23T22:44:39.487000Z,2024-09-23T22:43:56.005215Z,673.0,C1BTHULB,2377,White,Secondary education (e.g. GED/GCSE),36,Male,White,United States,United States,United States,English,No,Unemployed (and job seeking)
66f1ec548bd214089e2e6143,66ecaa233c613f3f5485c8b5,APPROVED,Not Applicable,2024-09-23T22:32:00.578000Z,2024-09-23T22:54:46.714000Z,2024-09-23T22:54:48.219000Z,2024-09-23T22:54:47.595796Z,1367.0,C1BTHULB,9,White,Undergraduate degree (BA/BSc/other),27,Male,White,United States,United States,United States,English,Yes,Full-Time
66f1ec5c032450c7886a2bc7,6697c78c699e877fa8fbca1e,APPROVED,Not Applicable,2024-09-23T22:32:14.040000Z,2024-09-23T22:52:44.033000Z,2024-09-23T22:52:44.979000Z,2024-09-23T22:53:50.524515Z,1230.0,C1BTHULB,236,Black/African American,Graduate degree (MA/MSc/MPhil/other),28,Male,Black,Ghana,United States,United States,English,No,Full-Time
66f1ec64b04f13110f25dee4,5beb793eba0615000114f122,APPROVED,Not Applicable,2024-09-23T22:32:12.087000Z,2024-09-23T22:44:48.595000Z,2024-09-23T22:44:49.282000Z,2024-09-23T22:44:49.181593Z,757.0,C1BTHULB,378,East Asian,Graduate degree (MA/MSc/MPhil/other),48,Male,Asian,United States,United States,United States,English,Yes,Full-Time
66f1ec66e53df40933172a49,66f05ae0f2658a66284b4080,APPROVED,Not Applicable,2024-09-23T22:32:12.577000Z,2024-09-23T22:43:16.253000Z,2024-09-23T22:44:12.035000Z,2024-09-23T22:44:03.737315Z,664.0,C1BTHULB,7,Other (please feel free to let us know your ethnicity via email),Graduate degree (MA/MSc/MPhil/other),34,Male,White,United States,United States,United States,English,No,Full-Time
66f1ec6725288afe75fa148e,63a3375101319bb7cb39f654,APPROVED,Not Applicable,2024-09-23T22:32:14.954000Z,2024-09-23T22:39:02.109000Z,2024-09-23T22:41:37.186000Z,2024-09-23T22:41:11.733814Z,408.0,C1BTHULB,1798,Black/African American,High school diploma/A-levels,54,Female,Black,United States,United States,United States,English,No,Part-Time
66f1ec7067631c6a84b80b05,66512fcae6ee0568b12cde76,APPROVED,Not Applicable,2024-09-23T22:32:26.166000Z,2024-09-23T22:48:56.613000Z,2024-09-23T22:51:19.387000Z,2024-09-23T22:51:30.044752Z,991.0,C1BTHULB,42,Latino/Hispanic,High school diploma/A-levels,32,Female,Mixed,United States,United States,United States,English,No,Full-Time
66f1ec70e4a2f4ca50f3be3a,5fd63cb585f88c4eb1933661,APPROVED,Not Applicable,2024-09-23T22:32:16.374000Z,2024-09-23T22:43:39.747000Z,2024-09-23T22:44:14.457000Z,2024-09-23T22:44:07.328317Z,684.0,C1BTHULB,7731,Black/African American,High school diploma/A-levels,49,Female,Black,United States,United States,United States,English,DATA_EXPIRED,"Not in paid work (e.g. homemaker', 'retired or disabled)"
66f1ec74e0b8ff002a85d941,66a7d687c183d5d810af5a9d,APPROVED,Not Applicable,2024-09-23T22:32:29.748000Z,2024-09-23T22:43:20.624000Z,2024-09-23T22:44:49.902000Z,2024-09-23T22:44:04.005946Z,651.0,C1BTHULB,50,Black/African American,Undergraduate degree (BA/BSc/other),25,Female,Black,Ghana,United States,United States,English,No,Full-Time
66f1ec79783a3d815d68968d,6632db44fb8a50fd9d4a9a69,APPROVED,Not Applicable,2024-09-23T22:32:31.808000Z,2024-09-23T22:54:26.492000Z,2024-09-23T22:54:27.793000Z,2024-09-23T22:54:27.579262Z,1315.0,C1BTHULB,331,White,Undergraduate degree (BA/BSc/other),55,Female,White,United States,United States,United States,English,No,Full-Time
66f1ec7ca91cbbf2a3f611d7,660779281d584e61ffe76c03,APPROVED,Not Applicable,2024-09-23T22:32:35.370000Z,2024-09-23T22:39:01.604000Z,2024-09-23T22:41:36.111000Z,2024-09-23T22:41:11.647824Z,387.0,C1BTHULB,368,White,Technical/community college,27,Female,White,United States,United States,United States,English,No,Unemployed (and job seeking)
66f1ec7db0b672fe55686883,66ece0ee194d5ad163eafef3,APPROVED,Not Applicable,2024-09-23T22:33:02.353000Z,2024-09-23T22:45:45.770000Z,2024-09-23T22:45:51.359000Z,2024-09-23T22:45:46.245360Z,764.0,C1BTHULB,2,White,Technical/community college,63,Male,White,United States,United States,United States,English,No,DATA_EXPIRED
66f1ec8045820e4fc002e336,631ab96a9f27876b9e4fe4c0,APPROVED,Not Applicable,2024-09-23T22:36:02.458000Z,2024-09-23T22:57:46.938000Z,2024-09-23T22:58:06.882000Z,2024-09-23T22:57:47.654663Z,1305.0,C1BTHULB,1427,Middle Eastern,High school diploma/A-levels,23,Male,White,United States,United States,Lebanon,English,Yes,Full-Time
66f1ec83bc9cef0a0c0ebff1,611ab91a00baa062f55b86d8,APPROVED,Not Applicable,2024-09-23T22:32:40.528000Z,2024-09-23T22:44:46.415000Z,2024-09-23T22:44:47.170000Z,2024-09-23T22:44:47.076622Z,726.0,C1BTHULB,3203,Latino/Hispanic,Undergraduate degree (BA/BSc/other),24,Female,Mixed,United States,United States,United States,English,DATA_EXPIRED,DATA_EXPIRED
66f1ec85556849a78844fc31,612e7ef85edba8d26ef96c99,APPROVED,Not Applicable,2024-09-23T22:32:53.780000Z,2024-09-23T22:37:03.024000Z,2024-09-24T16:29:13.162000Z,2024-09-23T22:37:04.090940Z,250.0,C1BTHULB,1790,White,Graduate degree (MA/MSc/MPhil/other),29,Female,White,United States,United States,United States,English,No,Part-Time
66f1ec87b25a04b169017786,66584691d91f52fc76105ab8,APPROVED,Not Applicable,2024-09-23T22:33:39.546000Z,2024-09-23T23:14:01.603000Z,2024-09-23T23:16:25.075000Z,2024-09-23T23:14:02.539011Z,2423.0,C1BTHULB,443,Black/African American,Graduate degree (MA/MSc/MPhil/other),40,Male,Black,Nigeria,United States,United States,English,No,Full-Time
66f1ec8cd37a657d7e55efbb,5f1b0abbb84a5207673cb637,APPROVED,Not Applicable,2024-09-23T22:32:48.384000Z,2024-09-23T22:43:05.854000Z,2024-09-23T22:44:11.004000Z,2024-09-23T22:44:00.535756Z,618.0,C1BTHULB,2520,White,Undergraduate degree (BA/BSc/other),30,Female,White,United States,United States,United States,English,No,Part-Time
66f1ec8cf14a47a680e39d96,664b7fd7a0d2bb7f8a60c81c,APPROVED,Not Applicable,2024-09-23T22:32:55.206000Z,2024-09-23T22:47:39.199000Z,2024-09-23T22:47:43.428000Z,2024-09-23T22:47:40.569596Z,884.0,C1BTHULB,167,White,Undergraduate degree (BA/BSc/other),57,Female,White,United States,United States,United States,English,No,"Not in paid work (e.g. homemaker', 'retired or disabled)"
66f1ec925b62903e86244b71,66548cf3c4c63418286fc428,APPROVED,Not Applicable,2024-09-23T22:32:55.530000Z,2024-09-23T22:47:56.979000Z,2024-09-23T22:48:01.958000Z,2024-09-23T22:47:57.889003Z,902.0,C1BTHULB,489,South East Asian,Undergraduate degree (BA/BSc/other),36,Male,Asian,United States,United States,United States,English,No,Full-Time
66f1ec928bd214089e2e614f,5fc8a956800c80232e0b7a32,APPROVED,Not Applicable,2024-09-23T22:32:56.032000Z,2024-09-23T22:45:26.951000Z,2024-09-23T22:45:34.338000Z,2024-09-23T22:45:27.591464Z,751.0,C1BTHULB,4803,East Asian,High school diploma/A-levels,30,Female,Asian,United States,United States,United States,English,DATA_EXPIRED,Full-Time
66f1ec991ff49e93f2f77518,5dd48040a71de846ce2dbff3,APPROVED,Not Applicable,2024-09-23T22:33:02.861000Z,2024-09-23T22:47:04.093000Z,2024-09-23T22:47:06.981000Z,2024-09-23T22:47:04.805954Z,842.0,C1BTHULB,436,Black/British,High school diploma/A-levels,27,Male,Black,United States,United States,Ireland,English,DATA_EXPIRED,Part-Time
66f1ec9b1707ba50d89046a4,665e6483ae85fff2d68c99c1,APPROVED,Not Applicable,2024-09-23T22:33:19.003000Z,2024-09-23T22:48:25.516000Z,2024-09-23T22:48:29.081000Z,2024-09-23T22:48:26.010592Z,907.0,C1BTHULB,122,White,Undergraduate degree (BA/BSc/other),33,Male,White,United States,United States,United States,English,No,Full-Time
66f1eca17e7ceddf7d311db7,5d67476c0ca617001699fe7a,APPROVED,Not Applicable,2024-09-23T22:33:14.068000Z,2024-09-23T22:50:10.055000Z,2024-09-23T22:51:30.252000Z,2024-09-23T22:52:25.718126Z,1016.0,C1BTHULB,5202,White,High school diploma/A-levels,33,Female,White,United States,United States,United States,English,No,Part-Time
66f1eca5a74d598aae4d37bf,65ca2ec600378cd37f9a60cb,APPROVED,Not Applicable,2024-09-23T22:37:41.940000Z,2024-09-23T22:54:01.190000Z,2024-09-23T22:54:02.039000Z,2024-09-23T22:54:04.519070Z,980.0,C1BTHULB,974,South East Asian,High school diploma/A-levels,18,Male,Asian,United States,United States,United States,English,Yes,"Not in paid work (e.g. homemaker', 'retired or disabled)"
66f1ecad04020814f74d37ee,56fdff4ee0f9ff000f19c466,APPROVED,Not Applicable,2024-09-23T22:33:45.758000Z,2024-09-23T22:52:57.749000Z,2024-09-23T22:52:59.087000Z,2024-09-23T22:53:52.453148Z,1152.0,C1BTHULB,2293,White,Undergraduate degree (BA/BSc/other),78,Female,White,United States,United States,United States,English,DATA_EXPIRED,DATA_EXPIRED
66f1ecaf4114624d731be4f6,66bfe0399234dfb60f062a44,APPROVED,Not Applicable,2024-09-23T22:33:24.124000Z,2024-09-23T22:44:15.134000Z,2024-09-23T22:44:30.413000Z,2024-09-23T22:44:18.762618Z,652.0,C1BTHULB,95,White,Undergraduate degree (BA/BSc/other),56,Female,White,United States,United States,United States,English,No,Unemployed (and job seeking)
66f1ecb150cb4d8e247a1fb3,65df9d5343e99a2a5c605481,APPROVED,Not Applicable,2024-09-23T22:33:28.727000Z,2024-09-23T22:44:44.218000Z,2024-09-23T22:44:45.238000Z,2024-09-23T22:44:45.130852Z,676.0,C1BTHULB,599,White,High school diploma/A-levels,44,Female,White,United States,United States,United States,English,No,"Not in paid work (e.g. homemaker', 'retired or disabled)"
66f1ecb2e0b8ff002a85d951,5fcc103fb2ab80a01f32f7ae,APPROVED,Not Applicable,2024-09-23T22:33:31.763000Z,2024-09-23T22:48:35.496000Z,2024-09-23T22:51:19.859000Z,2024-09-23T22:51:16.503648Z,904.0,C1BTHULB,4590,Black/African American,Technical/community college,28,Female,Black,United States,United States,United States,English,Yes,Part-Time
66f1eccac22c55c980aa031f,63d7a8a2591096e22405d64a,APPROVED,Not Applicable,2024-09-23T22:34:17.648000Z,2024-09-23T22:41:33.840000Z,2024-09-23T22:43:28.861000Z,2024-09-23T22:42:23.879959Z,437.0,C1BTHULB,1832,White,Technical/community college,38,Male,White,United States,United States,United States,English,No,Full-Time
66f1eccccb633b8b9a16fa15,6293930a73a8649bd00fc052,APPROVED,Not Applicable,2024-09-23T22:34:28.756000Z,2024-09-23T22:51:30.806000Z,2024-09-23T22:51:41.693000Z,2024-09-23T22:53:21.621284Z,1023.0,C1BTHULB,2912,White,Undergraduate degree (BA/BSc/other),43,Male,White,United States,United States,United States,English,No,Full-Time
66f1ecd08c73c80eec6336e5,5eb6b8ee9351615bd9d99fde,APPROVED,Not Applicable,2024-09-23T22:33:57.757000Z,2024-09-23T22:42:22.571000Z,2024-09-23T22:44:06.483000Z,2024-09-23T22:43:21.787550Z,505.0,C1BTHULB,5076,White,Undergraduate degree (BA/BSc/other),67,Female,White,United States,United States,United States,English,No,"Not in paid work (e.g. homemaker', 'retired or disabled)"
66f1ecd3ca87ca7df3445294,5e057a776e8aabf9f3b8686c,APPROVED,Not Applicable,2024-09-23T22:34:04.081000Z,2024-09-23T22:48:36.048000Z,2024-09-23T22:51:14.749000Z,2024-09-23T22:51:15.277712Z,872.0,C1BTHULB,460,White,Undergraduate degree (BA/BSc/other),31,Male,White,United States,United States,United States,English,No,Full-Time
66f1ece9a91cbbf2a3f611fb,661da2368a7553e0d9e4c9e8,APPROVED,Not Applicable,2024-09-23T22:34:25.912000Z,2024-09-23T22:52:28.530000Z,2024-09-23T22:52:29.649000Z,2024-09-23T22:53:48.316847Z,1083.0,C1BTHULB,509,South East Asian,Undergraduate degree (BA/BSc/other),31,Male,Asian,Vietnam,United States,United States,Vietnamese,No,Full-Time
66f1ed05556849a78844fc4e,5d563cb2e1e744001613275b,APPROVED,Not Applicable,2024-09-23T22:36:08.146000Z,2024-09-23T22:48:42.765000Z,2024-09-23T22:51:16.499000Z,2024-09-23T22:51:21.167956Z,755.0,C1BTHULB,660,Black/African American,Technical/community college,31,Male,Black,United States,United States,United States,English,DATA_EXPIRED,Full-Time
66f1ed07cb2de3b24285fe80,6295270587394aac7ce600db,APPROVED,Not Applicable,2024-09-23T22:34:53.300000Z,2024-09-23T22:54:47.285000Z,2024-09-23T22:54:55.924000Z,2024-09-23T22:54:48.015371Z,1194.0,C1BTHULB,3039,White,Technical/community college,59,Male,White,United States,United States,United States,English,No,"Not in paid work (e.g. homemaker', 'retired or disabled)"
66f1ed25d8d9fa52aeaa04cc,6696a09af9b87146ed63a43b,APPROVED,Not Applicable,2024-09-23T22:35:24.402000Z,2024-09-23T22:51:27.881000Z,2024-09-23T22:51:40.016000Z,2024-09-23T22:53:17.757535Z,964.0,C1BTHULB,220,White,High school diploma/A-levels,47,Female,White,United States,United States,United States,English,No,"Not in paid work (e.g. homemaker', 'retired or disabled)"
66f1ed5c1ff49e93f2f7754c,5a99003d777df200015ff521,APPROVED,Not Applicable,2024-09-23T22:36:19.653000Z,2024-09-23T22:55:19.322000Z,2024-09-23T22:55:22.441000Z,2024-09-23T22:55:20.269182Z,1140.0,C1BTHULB,3438,White,Undergraduate degree (BA/BSc/other),42,Male,White,United States,United States,United States,English,No,Full-Time
66f1ed80ffadaf8dab0ec071,6581b7c4798415297872c04d,APPROVED,Not Applicable,2024-09-23T22:40:14.051000Z,2024-09-23T22:48:30.212000Z,2024-09-23T22:48:31.136000Z,2024-09-23T22:48:31.011232Z,497.0,C1BTHULB,1437,Latino/Hispanic,Undergraduate degree (BA/BSc/other),49,Male,Other,United States,United States,United States,English,No,Full-Time
66f1ed87263201008a4067d4,5ec7fea63ef2412a6490af23,APPROVED,Not Applicable,2024-09-23T22:36:59.986000Z,2024-09-23T22:49:04.145000Z,2024-09-23T22:51:21.728000Z,2024-09-23T22:51:34.873704Z,725.0,C1BTHULB,1097,Black/African American,Undergraduate degree (BA/BSc/other),22,Male,Black,United States,United States,United States,English,No,Full-Time
66f1edd31c1fb89a2ce3edb7,664f501445f6f63e6b86b503,APPROVED,Not Applicable,2024-09-23T22:38:17.147000Z,2024-09-23T22:51:58.711000Z,2024-09-23T22:51:59.480000Z,2024-09-23T22:53:37.079527Z,822.0,C1BTHULB,319,White,Undergraduate degree (BA/BSc/other),65,Male,White,United States,United States,United States,English,No,Part-Time
66f1ee1283a561c9a3e68fc6,65ad6297656f207f663725af,APPROVED,Not Applicable,2024-09-23T22:39:20.370000Z,2024-09-23T22:46:48.129000Z,2024-09-23T22:46:51.104000Z,2024-09-23T22:46:48.815204Z,448.0,C1BTHULB,663,White,Undergraduate degree (BA/BSc/other),40,Female,White,United States,United States,United States,English,Yes,Full-Time
66f1f7258c73c80eec633930,60ccf8699102ef793a8fd37c,APPROVED,Not Applicable,2024-09-23T23:18:04.653000Z,2024-09-23T23:29:36.997000Z,2024-09-23T23:32:31.817000Z,2024-09-23T23:32:31.544669Z,693.0,C1BTHULB,1266,Native American or Alaskan Native,Undergraduate degree (BA/BSc/other),34,Female,Mixed,United States,United States,United States,English,Yes,Due to start a new job within the next month
66f1e4c273cd3b3b3970b5aa,5d29187bd96c80001769ec41,RETURNED,Not Applicable,2024-09-23T21:59:37.251000Z,,,,,,630,CONSENT_REVOKED,CONSENT_REVOKED,CONSENT_REVOKED,CONSENT_REVOKED,CONSENT_REVOKED,CONSENT_REVOKED,CONSENT_REVOKED,CONSENT_REVOKED,CONSENT_REVOKED,CONSENT_REVOKED,CONSENT_REVOKED
66f1e5955a58ab749c908f9c,664923285486807ba3ed0a94,RETURNED,Not Applicable,2024-09-23T22:03:04.955000Z,,,,,,123,CONSENT_REVOKED,CONSENT_REVOKED,CONSENT_REVOKED,CONSENT_REVOKED,CONSENT_REVOKED,CONSENT_REVOKED,CONSENT_REVOKED,CONSENT_REVOKED,CONSENT_REVOKED,CONSENT_REVOKED,CONSENT_REVOKED
66f1e5adb3a0aa27d89d56e1,5ef4dd27dffaf00cea409e89,RETURNED,Not Applicable,2024-09-23T22:03:31.868000Z,,,,,,909,CONSENT_REVOKED,CONSENT_REVOKED,CONSENT_REVOKED,CONSENT_REVOKED,CONSENT_REVOKED,CONSENT_REVOKED,CONSENT_REVOKED,CONSENT_REVOKED,CONSENT_REVOKED,CONSENT_REVOKED,CONSENT_REVOKED
66f1e5fb556849a78844fa9c,66b7ba87906f709f7ec5a822,RETURNED,Not Applicable,2024-09-23T22:04:53.093000Z,,,,,,26,CONSENT_REVOKED,CONSENT_REVOKED,CONSENT_REVOKED,CONSENT_REVOKED,CONSENT_REVOKED,CONSENT_REVOKED,CONSENT_REVOKED,CONSENT_REVOKED,CONSENT_REVOKED,CONSENT_REVOKED,CONSENT_REVOKED
66f1e6586bc90c49173f7055,66d4903e6c0573a23634c7df,RETURNED,Not Applicable,2024-09-23T22:14:05.334000Z,,,,,,95,CONSENT_REVOKED,CONSENT_REVOKED,CONSENT_REVOKED,CONSENT_REVOKED,CONSENT_REVOKED,CONSENT_REVOKED,CONSENT_REVOKED,CONSENT_REVOKED,CONSENT_REVOKED,CONSENT_REVOKED,CONSENT_REVOKED
66f1e6cc97fe47706e8cf153,66e5ef8154874b456b779bf8,RETURNED,Not Applicable,2024-09-23T22:08:22.056000Z,,,,,,4,CONSENT_REVOKED,CONSENT_REVOKED,CONSENT_REVOKED,CONSENT_REVOKED,CONSENT_REVOKED,CONSENT_REVOKED,CONSENT_REVOKED,CONSENT_REVOKED,CONSENT_REVOKED,CONSENT_REVOKED,CONSENT_REVOKED
66f1e719f0f5bdd9837121e5,5bac0a6db6db160001306f22,RETURNED,Not Applicable,2024-09-23T22:09:46.136000Z,,,,,,539,CONSENT_REVOKED,CONSENT_REVOKED,CONSENT_REVOKED,CONSENT_REVOKED,CONSENT_REVOKED,CONSENT_REVOKED,CONSENT_REVOKED,CONSENT_REVOKED,CONSENT_REVOKED,CONSENT_REVOKED,CONSENT_REVOKED
66f1e71ac93e97f0a2827a3f,5fc2a5c0ddfca10169395662,RETURNED,Not Applicable,2024-09-23T22:09:38.958000Z,,,,,,3497,CONSENT_REVOKED,CONSENT_REVOKED,CONSENT_REVOKED,CONSENT_REVOKED,CONSENT_REVOKED,CONSENT_REVOKED,CONSENT_REVOKED,CONSENT_REVOKED,CONSENT_REVOKED,CONSENT_REVOKED,CONSENT_REVOKED
66f1e73196420dbe576262c8,663f6e593e5bc69467df2fc2,RETURNED,Not Applicable,2024-09-23T22:09:58.310000Z,,,,,,323,CONSENT_REVOKED,CONSENT_REVOKED,CONSENT_REVOKED,CONSENT_REVOKED,CONSENT_REVOKED,CONSENT_REVOKED,CONSENT_REVOKED,CONSENT_REVOKED,CONSENT_REVOKED,CONSENT_REVOKED,CONSENT_REVOKED
66f1e7aabc9cef0a0c0ebeef,633cc1aa68e1e960fd86de6b,RETURNED,Not Applicable,2024-09-23T22:12:02.349000Z,,,,,,644,CONSENT_REVOKED,CONSENT_REVOKED,CONSENT_REVOKED,CONSENT_REVOKED,CONSENT_REVOKED,CONSENT_REVOKED,CONSENT_REVOKED,CONSENT_REVOKED,CONSENT_REVOKED,CONSENT_REVOKED,CONSENT_REVOKED
66f1e7b6784448973e02efde,63e64959bf1cb4617fa269e5,RETURNED,Not Applicable,2024-09-23T22:22:06.676000Z,,,,,,4161,CONSENT_REVOKED,CONSENT_REVOKED,CONSENT_REVOKED,CONSENT_REVOKED,CONSENT_REVOKED,CONSENT_REVOKED,CONSENT_REVOKED,CONSENT_REVOKED,CONSENT_REVOKED,CONSENT_REVOKED,CONSENT_REVOKED
66f1e7f3934638c50f5bdaa3,668203e5b5344a77458cb4f9,RETURNED,Not Applicable,2024-09-23T22:13:14.977000Z,,,,,,26,CONSENT_REVOKED,CONSENT_REVOKED,CONSENT_REVOKED,CONSENT_REVOKED,CONSENT_REVOKED,CONSENT_REVOKED,CONSENT_REVOKED,CONSENT_REVOKED,CONSENT_REVOKED,CONSENT_REVOKED,CONSENT_REVOKED
66f1e8278fd75d3321991630,65c14286144370ab3f4db173,RETURNED,Not Applicable,2024-09-23T22:24:00.013000Z,,,,,,482,CONSENT_REVOKED,CONSENT_REVOKED,CONSENT_REVOKED,CONSENT_REVOKED,CONSENT_REVOKED,CONSENT_REVOKED,CONSENT_REVOKED,CONSENT_REVOKED,CONSENT_REVOKED,CONSENT_REVOKED,CONSENT_REVOKED
66f1e89519a2347087357209,6692e08ff27e0266c1ad1b91,RETURNED,Not Applicable,2024-09-23T22:19:53.692000Z,,,,,,234,CONSENT_REVOKED,CONSENT_REVOKED,CONSENT_REVOKED,CONSENT_REVOKED,CONSENT_REVOKED,CONSENT_REVOKED,CONSENT_REVOKED,CONSENT_REVOKED,CONSENT_REVOKED,CONSENT_REVOKED,CONSENT_REVOKED
66f1e8ea986c76a81575c5a1,66cce9f5420b0e12dc696345,RETURNED,Not Applicable,2024-09-23T22:28:00.084000Z,,,,,,86,CONSENT_REVOKED,CONSENT_REVOKED,CONSENT_REVOKED,CONSENT_REVOKED,CONSENT_REVOKED,CONSENT_REVOKED,CONSENT_REVOKED,CONSENT_REVOKED,CONSENT_REVOKED,CONSENT_REVOKED,CONSENT_REVOKED
66f1e912175f4020b3973e29,63f799d2960e7d0495eb1726,RETURNED,Not Applicable,2024-09-23T22:17:59.880000Z,,,,,,1451,CONSENT_REVOKED,CONSENT_REVOKED,CONSENT_REVOKED,CONSENT_REVOKED,CONSENT_REVOKED,CONSENT_REVOKED,CONSENT_REVOKED,CONSENT_REVOKED,CONSENT_REVOKED,CONSENT_REVOKED,CONSENT_REVOKED
66f1e95535c212f15385fd6c,58a623e90da7f10001de8553,RETURNED,Not Applicable,2024-09-23T22:19:06.176000Z,,,,,,6139,CONSENT_REVOKED,CONSENT_REVOKED,CONSENT_REVOKED,CONSENT_REVOKED,CONSENT_REVOKED,CONSENT_REVOKED,CONSENT_REVOKED,CONSENT_REVOKED,CONSENT_REVOKED,CONSENT_REVOKED,CONSENT_REVOKED
66f1e9625b62903e86244aa9,6683f6eceec658f2c3dd8041,RETURNED,Not Applicable,2024-09-23T22:19:24.025000Z,,,,,,229,CONSENT_REVOKED,CONSENT_REVOKED,CONSENT_REVOKED,CONSENT_REVOKED,CONSENT_REVOKED,CONSENT_REVOKED,CONSENT_REVOKED,CONSENT_REVOKED,CONSENT_REVOKED,CONSENT_REVOKED,CONSENT_REVOKED
66f1e9a1e0e219d7ba5a57b4,66b4f1242c3c501256bafebf,RETURNED,Not Applicable,2024-09-23T22:20:26.971000Z,,,,,,188,CONSENT_REVOKED,CONSENT_REVOKED,CONSENT_REVOKED,CONSENT_REVOKED,CONSENT_REVOKED,CONSENT_REVOKED,CONSENT_REVOKED,CONSENT_REVOKED,CONSENT_REVOKED,CONSENT_REVOKED,CONSENT_REVOKED
66f1e9ad175f4020b3973e60,6078163f1e585e4f71e3b879,RETURNED,Not Applicable,2024-09-23T22:20:39.224000Z,,,,,,1652,CONSENT_REVOKED,CONSENT_REVOKED,CONSENT_REVOKED,CONSENT_REVOKED,CONSENT_REVOKED,CONSENT_REVOKED,CONSENT_REVOKED,CONSENT_REVOKED,CONSENT_REVOKED,CONSENT_REVOKED,CONSENT_REVOKED
66f1e9b753b506aff00a9edd,66b6149cafb838e03d0a79cf,RETURNED,Not Applicable,2024-09-23T22:20:43.994000Z,,,,,,79,CONSENT_REVOKED,CONSENT_REVOKED,CONSENT_REVOKED,CONSENT_REVOKED,CONSENT_REVOKED,CONSENT_REVOKED,CONSENT_REVOKED,CONSENT_REVOKED,CONSENT_REVOKED,CONSENT_REVOKED,CONSENT_REVOKED
66f1e9d43593549ce424498a,6670805ba058ae6fc47f4f7b,RETURNED,Not Applicable,2024-09-23T22:21:14.017000Z,,,,,,551,CONSENT_REVOKED,CONSENT_REVOKED,CONSENT_REVOKED,CONSENT_REVOKED,CONSENT_REVOKED,CONSENT_REVOKED,CONSENT_REVOKED,CONSENT_REVOKED,CONSENT_REVOKED,CONSENT_REVOKED,CONSENT_REVOKED
66f1ea18986c76a81575c5e3,664336a094684830d9c9c5d0,RETURNED,Not Applicable,2024-09-23T22:22:24.309000Z,,,,,,315,CONSENT_REVOKED,CONSENT_REVOKED,CONSENT_REVOKED,CONSENT_REVOKED,CONSENT_REVOKED,CONSENT_REVOKED,CONSENT_REVOKED,CONSENT_REVOKED,CONSENT_REVOKED,CONSENT_REVOKED,CONSENT_REVOKED
66f1ea38d096f9e76255ed6a,6333657a797e9a2d19d4efd5,RETURNED,Not Applicable,2024-09-23T22:33:45.705000Z,,,,,,2803,CONSENT_REVOKED,CONSENT_REVOKED,CONSENT_REVOKED,CONSENT_REVOKED,CONSENT_REVOKED,CONSENT_REVOKED,CONSENT_REVOKED,CONSENT_REVOKED,CONSENT_REVOKED,CONSENT_REVOKED,CONSENT_REVOKED
66f1ea7aba9ac08222311cf4,65e4aa1b1a93411cbc68d8ed,TIMED-OUT,Not Applicable,2024-09-23T22:24:17.071000Z,,,,1371173.0,,926,White,Undergraduate degree (BA/BSc/other),41,Female,White,United States,United States,United States,English,Yes,Full-Time
66f1eac85b62903e86244af7,655c5ad8f1a19dc5535007a4,RETURNED,Not Applicable,2024-09-23T22:36:00.072000Z,,,,,,761,CONSENT_REVOKED,CONSENT_REVOKED,CONSENT_REVOKED,CONSENT_REVOKED,CONSENT_REVOKED,CONSENT_REVOKED,CONSENT_REVOKED,CONSENT_REVOKED,CONSENT_REVOKED,CONSENT_REVOKED,CONSENT_REVOKED
66f1eba6986c76a81575c62e,667c1c7aebb1fec129835271,RETURNED,Not Applicable,2024-09-23T22:39:00.018000Z,,,,,,15,CONSENT_REVOKED,CONSENT_REVOKED,CONSENT_REVOKED,CONSENT_REVOKED,CONSENT_REVOKED,CONSENT_REVOKED,CONSENT_REVOKED,CONSENT_REVOKED,CONSENT_REVOKED,CONSENT_REVOKED,CONSENT_REVOKED
66f1ebaabc9cef0a0c0ebfbe,57ce74a271536c00015f12ed,RETURNED,Not Applicable,2024-09-23T22:29:09.651000Z,,,,,,3839,CONSENT_REVOKED,CONSENT_REVOKED,CONSENT_REVOKED,CONSENT_REVOKED,CONSENT_REVOKED,CONSENT_REVOKED,CONSENT_REVOKED,CONSENT_REVOKED,CONSENT_REVOKED,CONSENT_REVOKED,CONSENT_REVOKED
66f1ebcb9056f1657a3efa97,669c1322fadbf79582cb0716,RETURNED,Not Applicable,2024-09-23T22:29:38.923000Z,,,,,,54,CONSENT_REVOKED,CONSENT_REVOKED,CONSENT_REVOKED,CONSENT_REVOKED,CONSENT_REVOKED,CONSENT_REVOKED,CONSENT_REVOKED,CONSENT_REVOKED,CONSENT_REVOKED,CONSENT_REVOKED,CONSENT_REVOKED
66f1ebcea91cbbf2a3f611a7,663e681740ee374f8d488e51,RETURNED,Not Applicable,2024-09-23T22:29:38.909000Z,,,,,,295,CONSENT_REVOKED,CONSENT_REVOKED,CONSENT_REVOKED,CONSENT_REVOKED,CONSENT_REVOKED,CONSENT_REVOKED,CONSENT_REVOKED,CONSENT_REVOKED,CONSENT_REVOKED,CONSENT_REVOKED,CONSENT_REVOKED
66f1ebeabc9cef0a0c0ebfca,5d55a1f2fab56e000140df8f,RETURNED,Not Applicable,2024-09-23T22:30:02.431000Z,,,,,,7301,CONSENT_REVOKED,CONSENT_REVOKED,CONSENT_REVOKED,CONSENT_REVOKED,CONSENT_REVOKED,CONSENT_REVOKED,CONSENT_REVOKED,CONSENT_REVOKED,CONSENT_REVOKED,CONSENT_REVOKED,CONSENT_REVOKED
66f1ec06364a3d1b7b017a6c,66e8c219e0307b1422648bac,RETURNED,Not Applicable,2024-09-23T22:30:37.690000Z,,,,,,23,CONSENT_REVOKED,CONSENT_REVOKED,CONSENT_REVOKED,CONSENT_REVOKED,CONSENT_REVOKED,CONSENT_REVOKED,CONSENT_REVOKED,CONSENT_REVOKED,CONSENT_REVOKED,CONSENT_REVOKED,CONSENT_REVOKED
66f1ec0c9056f1657a3efaa6,62c5bc2f8a2f9e18f2ac0a13,RETURNED,Not Applicable,2024-09-23T22:30:41.366000Z,,,,,,2089,CONSENT_REVOKED,CONSENT_REVOKED,CONSENT_REVOKED,CONSENT_REVOKED,CONSENT_REVOKED,CONSENT_REVOKED,CONSENT_REVOKED,CONSENT_REVOKED,CONSENT_REVOKED,CONSENT_REVOKED,CONSENT_REVOKED
66f1ec0f5b7edb97847f7388,55d2729c5bc5bc0005d90625,RETURNED,Not Applicable,2024-09-23T22:30:53.948000Z,,,,,,1396,CONSENT_REVOKED,CONSENT_REVOKED,CONSENT_REVOKED,CONSENT_REVOKED,CONSENT_REVOKED,CONSENT_REVOKED,CONSENT_REVOKED,CONSENT_REVOKED,CONSENT_REVOKED,CONSENT_REVOKED,CONSENT_REVOKED
66f1ec395a58ab749c909150,5ec67c1f9d0f0906b783865f,RETURNED,Not Applicable,2024-09-23T22:31:35.763000Z,,,,,,1736,CONSENT_REVOKED,CONSENT_REVOKED,CONSENT_REVOKED,CONSENT_REVOKED,CONSENT_REVOKED,CONSENT_REVOKED,CONSENT_REVOKED,CONSENT_REVOKED,CONSENT_REVOKED,CONSENT_REVOKED,CONSENT_REVOKED
66f1ec4bf7fa2111855324d7,661eb831881dbc159a911e81,RETURNED,Not Applicable,2024-09-23T22:31:54.243000Z,,,,,,567,CONSENT_REVOKED,CONSENT_REVOKED,CONSENT_REVOKED,CONSENT_REVOKED,CONSENT_REVOKED,CONSENT_REVOKED,CONSENT_REVOKED,CONSENT_REVOKED,CONSENT_REVOKED,CONSENT_REVOKED,CONSENT_REVOKED
66f1ec4fbcb152b0ee16fc99,5dd58d832091e954f052d628,RETURNED,Not Applicable,2024-09-23T22:31:51.633000Z,,,,,,213,CONSENT_REVOKED,CONSENT_REVOKED,CONSENT_REVOKED,CONSENT_REVOKED,CONSENT_REVOKED,CONSENT_REVOKED,CONSENT_REVOKED,CONSENT_REVOKED,CONSENT_REVOKED,CONSENT_REVOKED,CONSENT_REVOKED
66f1ecff1dff7da1a4810328,5632410fca59f6000b795a70,RETURNED,Not Applicable,2024-09-23T22:34:47.938000Z,,,,,,1760,CONSENT_REVOKED,CONSENT_REVOKED,CONSENT_REVOKED,CONSENT_REVOKED,CONSENT_REVOKED,CONSENT_REVOKED,CONSENT_REVOKED,CONSENT_REVOKED,CONSENT_REVOKED,CONSENT_REVOKED,CONSENT_REVOKED
66f1f682defe8fd3f12c103d,6677d6717517a30156ec9a88,RETURNED,Not Applicable,2024-09-23T23:15:31.015000Z,,,,,,290,CONSENT_REVOKED,CONSENT_REVOKED,CONSENT_REVOKED,CONSENT_REVOKED,CONSENT_REVOKED,CONSENT_REVOKED,CONSENT_REVOKED,CONSENT_REVOKED,CONSENT_REVOKED,CONSENT_REVOKED,CONSENT_REVOKED
