,Intro.1.player.prolific_id,Section_1.1.player.question1,Section_1.1.player.question2,Section_1.1.player.question3,Section_1.1.player.question4,Section_1.1.player.question5,Section_1.1.player.question6,Section_1.1.player.question7,Section_1.1.player.question8,Section_1.1.player.question9,Section_1.1.player.question10,Section_1.1.player.stem_quiz_1_answers,Section_1.1.player.stem_quiz_1_score,Section_1.1.player.num_tab_switches_in_section_1,Section_1.1.player.total_time_hidden_in_section_1,Section_2_3.1.player.track,Section_2_3.1.player.path,Section_2_3.1.player.info_structure,Section_2_3.1.player.performance,Section_2_3.1.player.ball_color,Section_2_3.1.player.overplacement,Section_2_3.1.player.overestimation,Section_2_3.1.player.passing_threshold,Section_2_3.1.player.ball_origin_estimation,Section_4_5.1.player.question1,Section_4_5.1.player.question2,Section_4_5.1.player.question3,Section_4_5.1.player.question4,Section_4_5.1.player.question5,Section_4_5.1.player.question6,Section_4_5.1.player.question7,Section_4_5.1.player.question8,Section_4_5.1.player.question9,Section_4_5.1.player.question10,Section_4_5.1.player.quiz_2_answers,Section_4_5.1.player.quiz_2_score,Section_4_5.1.player.preferred_second_survey,Section_4_5.1.player.num_tab_switches_in_section_5,Section_4_5.1.player.total_time_hidden_in_section_5,Section_6.1.player.question1,Section_6.1.player.question2,Section_6.1.player.question3,Section_6.1.player.question4,Section_6.1.player.question5,Section_6.1.player.question6,Section_6.1.player.question7,Section_6.1.player.question8,Section_6.1.player.question9,Section_6.1.player.question10,Section_6.1.player.question11,Section_6.1.player.risk_tolerance_answers,Section_7.1.player.schools_private_independent,Section_7.1.player.schools_private_religious,Section_7.1.player.schools_public_school,Section_7.1.player.schools_homeschool,Section_7.1.player.schools_online_school,Section_7.1.player.schools_charter_school,Section_7.1.player.schools_all_girls_school,Section_7.1.player.schools_all_boys_school,Section_7.1.player.schools_stem_oriented_school,Section_7.1.player.track_decision,Section_7.1.player.experience,Section_7.1.player.preferred_second_survey,Time taken,Total approvals,Ethnicity,Highest education level completed,Age,Sex,Ethnicity simplified,Country of birth,Country of residence,Nationality,Language,Student status,Employment status
0,5b9eddfed259900001106b05,D,A,B,D,B,A,D,C,B,C,DABDBADCBC,0.4,0.0,0.0,noisy,random,positive,Pass,red,20.0,3.0,3.0,Not Sure,B,D,A,B,A,D,C,D,B,B,BDABADCDBB,0.5,STEM Track,0.0,0.0,R,R,R,R,C,C,C,C,C,C,C,RRRRCCCCCCC,0,0,1,0,0,0,0,0,0,"I like math and logic problems, though my advanced math like this was always a little shaky","the questions were tough, been a VERY long time since I did these",STEM Track,746.0,5302,White,Doctorate degree (PhD/other),39,Male,White,United States,United States,United States,English,No,Full-Time
1,66660a053b08e2a34f9b945c,B,D,A,C,D,D,B,A,B,D,BDACDDBABD,0.0,0.0,0.0,noisy,random,negative,Fail,red,20.0,2.0,2.0,Fail Box,D,B,A,C,B,D,A,B,C,D,DBACBDABCD,1.0,Non-STEM Track,0.0,0.0,R,R,R,R,R,C,C,C,C,C,C,RRRRRCCCCCC,0,0,1,0,0,0,0,0,0,"Because I am better at writing, arts, etc.","this was fun, the math was super hard though",Non-STEM Track,768.0,1299,Mixed,Technical/community college,36,Female,Mixed,United States,United States,United States,English,DATA_EXPIRED,DATA_EXPIRED
4,5f8f54c1450c2d1b5984c34f,A,D,D,C,B,A,D,C,A,B,ADDCBADCAB,0.5,0.0,0.0,noisy,random,negative,Fail,red,30.0,2.0,9.0,Fail Box,D,B,A,C,B,D,A,B,C,D,DBACBDABCD,1.0,Non-STEM Track,0.0,0.0,R,R,C,C,C,C,C,C,C,C,C,RRCCCCCCCCC,0,0,0,1,0,1,0,0,0,I haven't done that kind of math for 10 years. But I AM in a humanities grad program,Math was stressful D:,Non-STEM Track,596.0,628,White Sephardic Jew,Undergraduate degree (BA/BSc/other),27,Female,Other,United States,United States,United States,English,Yes,Unemployed (and job seeking)
5,65e9c96c5c619ee0d04d3508,D,D,,,,,,,,,DD________,0.0,0.0,0.0,noisy,random,negative,Fail,black,38.0,5.0,2.0,Fail Box,,,,,,,C,A,B,C,______CABC,0.4,STEM Track,0.0,0.0,R,R,R,R,R,C,C,C,C,C,C,RRRRRCCCCCC,0,0,1,1,1,0,0,0,0,I just enjoy a challenge.,It was pretty tough. I don't enjoy math.,STEM Track,1464.0,266,Black/African American,Technical/community college,30,Female,Mixed,United States,United States,United States,English,Yes,Full-Time
9,65b29244459729780361bfbc,D,A,C,B,C,A,C,C,B,A,DACBCACCBA,0.4,0.0,0.0,noisy,random,positive,Fail,red,4.0,2.0,7.0,Fail Box,D,B,A,C,B,D,A,B,C,D,DBACBDABCD,1.0,Non-STEM Track,0.0,0.0,R,C,R,C,C,R,C,R,C,C,C,RCRCCRCRCCC,0,0,1,0,0,0,0,0,0,I am not the best at STEM,it was fine. ,Non-STEM Track,783.0,136,Mixed,Undergraduate degree (BA/BSc/other),35,Female,Mixed,United States,United States,United States,English,No,Full-Time
10,6711ad38bd46729f0fe8c1b2,B,D,D,A,B,C,D,A,B,C,BDDABCDABC,0.2,1.0,3.117,noisy,random,positive,Fail,red,60.0,8.0,8.0,Fail Box,D,B,A,C,B,A,A,B,C,B,DBACBAABCB,0.8,Non-STEM Track,0.0,0.0,R,R,C,C,C,C,C,C,C,C,C,RRCCCCCCCCC,0,0,1,0,1,0,0,0,0,I thought I would fail I am not confident in my self,I had fun and love a challenge,Non-STEM Track,738.0,413,Latino/Hispanic,High school diploma/A-levels,34,Male,White,United States,United States,United States,English,No,Full-Time
12,6630e55b3b999569b5a36635,B,A,D,B,A,C,D,A,C,A,BADBACDACA,0.4,0.0,0.0,noisy,random,ground,Fail,black,30.0,2.0,5.0,Not Sure,B,B,C,A,D,A,D,A,B,D,BBCADADABD,0.2,Non-STEM Track,0.0,0.0,R,R,R,C,C,C,C,C,C,C,C,RRRCCCCCCCC,0,1,1,0,0,0,0,0,0,The Non-Stem track was more simplified.,I really enjoyed this experience.  Thank you.,Non-STEM Track,243.0,1242,Latino/Hispanic,Graduate degree (MA/MSc/MPhil/other),44,Male,Mixed,United States,United States,United States,English,No,Part-Time
13,6717c51227a6e153e6871be2,D,A,A,C,B,B,D,B,B,B,DAACBBDBBB,0.5,0.0,0.0,noisy,random,negative,Pass,red,51.0,6.0,5.0,Pass Box,B,B,C,A,A,D,C,A,A,C,BBCAADCAAC,0.8,STEM Track,0.0,0.0,R,R,R,R,R,C,C,C,C,C,C,RRRRRCCCCCC,0,0,1,0,0,0,0,0,0,I have always enjoyed math and I excelled at it in high school.,"I really enjoyed it, I haven't done math in a long time.",STEM Track,1015.0,22,Latino/Hispanic,High school diploma/A-levels,20,Male,Other,United States,United States,United States,English,Yes,Other
14,5ec44da606cb7931f04a35e9,B,B,D,C,B,A,D,B,C,A,BBDCBADBCA,0.3,0.0,0.0,noisy,random,positive,Pass,red,5.0,1.0,2.0,Not Sure,D,B,A,C,B,D,A,B,C,D,DBACBDABCD,1.0,Non-STEM Track,0.0,0.0,R,C,C,C,C,C,C,C,C,C,C,RCCCCCCCCCC,0,0,1,0,0,0,0,0,0,I expected I would be more likely to answer the questions correctly.,,Non-STEM Track,347.0,5822,White,Technical/community college,59,Male,White,United States,United States,United States,English,No,"Not in paid work (e.g. homemaker', 'retired or disabled)"
15,610aad45c4b4a0723399e73b,C,A,C,C,C,A,D,A,A,C,CACCCADAAC,0.3,0.0,0.0,noisy,random,negative,Pass,red,40.0,2.0,3.0,Pass Box,B,C,A,D,B,C,A,C,D,B,BCADBCACDB,0.1,STEM Track,0.0,0.0,R,R,R,R,C,C,C,C,C,C,C,RRRRCCCCCCC,0,0,1,0,0,0,0,0,0,I went to school for biomedical science and hoped the STEM track would line up more with science than math.,It was a struggle. The only math I took in college was statistics.,STEM Track,529.0,437,White,Undergraduate degree (BA/BSc/other),22,Female,White,United States,United States,United States,English,No,Unemployed (and job seeking)
18,67106a7b8daf2fe26964584a,D,A,C,C,A,B,A,C,D,B,DACCABACDB,0.5,0.0,0.0,noisy,random,positive,Pass,black,50.0,2.0,2.0,Pass Box,D,B,A,C,B,D,A,B,C,D,DBACBDABCD,1.0,Non-STEM Track,0.0,0.0,R,R,R,R,R,C,C,C,C,C,C,RRRRRCCCCCC,0,0,1,0,0,0,0,0,0,easier,fine,Non-STEM Track,688.0,316,White,Undergraduate degree (BA/BSc/other),41,Female,White,United States,United States,United States,English,No,Full-Time
20,66fd835228aebc29f41c47ca,D,B,A,C,A,C,C,C,B,B,DBACACCCBB,0.2,0.0,0.0,noisy,random,ground,Pass,red,0.0,0.0,0.0,Not Sure,D,B,A,C,B,D,A,B,C,D,DBACBDABCD,1.0,Non-STEM Track,0.0,0.0,R,R,R,R,R,C,C,C,C,C,C,RRRRRCCCCCC,0,1,1,0,0,1,0,0,0,Math is not a strong subject for me.,The instructions were a bit confusing.,Non-STEM Track,805.0,367,Rather not say,High school diploma/A-levels,46,Female,Other,United States,United States,United States,English,No,"Not in paid work (e.g. homemaker', 'retired or disabled)"
21,5d45c2d1da9cb60015aa4312,A,C,C,B,A,A,C,A,C,D,ACCBAACACD,0.4,0.0,0.0,noisy,random,ground,Pass,red,1.0,0.0,0.0,Pass Box,B,C,D,C,A,B,D,B,C,B,BCDCABDBCB,0.2,STEM Track,1.0,7.79,R,C,C,C,C,C,C,C,C,C,C,RCCCCCCCCCC,0,0,1,0,0,0,0,0,0,I thought it gave me the best chance at a bonus,I am not good at math so I am pretty sure I did not well,STEM Track,648.0,7916,White,Undergraduate degree (BA/BSc/other),44,Female,White,United States,United States,United States,English,No,Full-Time
22,631b32b0796f2941b55e7d58,D,D,B,A,D,C,A,A,C,A,DDBADCAACA,0.1,0.0,0.0,noisy,random,negative,Fail,red,25.0,2.0,4.0,Fail Box,D,B,A,C,B,D,A,B,C,D,DBACBDABCD,1.0,Non-STEM Track,0.0,0.0,R,R,R,R,R,R,C,C,C,C,C,RRRRRRCCCCC,0,0,1,0,0,0,0,0,0,Because I feel like I didn't do well on the previous STEM questions.,I felt like the test was hard.,Non-STEM Track,636.0,4286,White,Technical/community college,35,Male,White,United States,United States,United States,English,No,Full-Time
23,60a2a8570a0f9cc00d6b9d1a,B,D,A,C,C,D,C,D,C,C,BDACCDCDCC,0.1,0.0,0.0,noisy,random,positive,Fail,red,10.0,10.0,10.0,Fail Box,D,B,A,C,B,D,A,B,C,D,DBACBDABCD,1.0,Non-STEM Track,0.0,0.0,R,R,R,R,R,C,C,C,C,C,C,RRRRRCCCCCC,0,0,1,1,0,0,0,0,0,I didnt like the first one ,,Non-STEM Track,465.0,2043,White,High school diploma/A-levels,46,Female,White,United States,United States,United States,English,No,DATA_EXPIRED
24,6679a4fceb90622d2070dfd7,B,B,A,A,D,C,C,A,C,B,BBAADCCACB,0.2,0.0,0.0,noisy,random,ground,Fail,black,50.0,3.0,5.0,Fail Box,D,B,A,C,B,D,A,B,C,D,DBACBDABCD,1.0,Non-STEM Track,0.0,0.0,R,R,R,R,R,C,C,C,C,C,C,RRRRRCCCCCC,0,0,1,0,0,0,0,0,0,i'm not good at math,it was fine,Non-STEM Track,654.0,437,White,Technical/community college,46,Female,White,United States,United States,United States,English,DATA_EXPIRED,DATA_EXPIRED
26,5fa0adf677c87511c18c2475,C,A,C,B,B,B,C,D,B,B,CACBBBCDBB,0.6,0.0,0.0,noisy,random,ground,Pass,red,50.0,4.0,3.0,Pass Box,D,B,A,C,B,D,A,B,C,D,DBACBDABCD,1.0,Non-STEM Track,0.0,0.0,R,R,R,C,C,C,C,C,C,C,C,RRRCCCCCCCC,0,1,1,0,0,0,0,0,0,I don’t know what this question is referring to. For my schooling? Or my life now?,What process? This survey? Or my schooling? Thank you for reminding me how I have had literally no need to use any algebra for the past 20+ years. ,Non-STEM Track,771.0,3797,White,Graduate degree (MA/MSc/MPhil/other),40,Female,White,United States,United States,United States,English,No,Part-Time
27,678d504e948df9ca4553cf36,D,C,B,B,B,D,A,C,A,C,DCBBBDACAC,0.3,0.0,0.0,noisy,random,positive,Fail,red,20.0,2.0,4.0,Fail Box,D,B,A,C,B,D,A,B,C,D,DBACBDABCD,1.0,Non-STEM Track,0.0,0.0,R,R,R,C,C,C,C,C,C,C,C,RRRCCCCCCCC,0,0,1,0,0,0,0,0,0,I am not very knowledgable with STEM related topics.,"It made me feel stupid because the math questions sounded like a foreign language. It made me feel very anxious. However, I felt confident with the word comparison questions",Non-STEM Track,1038.0,61,Mixed,High school diploma/A-levels,41,Female,Mixed,United States,United States,United States,English,No,Full-Time
28,6427402d1463cb72eca94b3e,D,D,C,B,B,,A,C,,A,DDCBB_AC_A,0.4,1.0,1.831,noisy,random,ground,Fail,black,75.0,7.0,5.0,Fail Box,B,D,C,B,A,D,C,A,,C,BDCBADCA_C,0.7,STEM Track,3.0,13.173,R,R,R,R,R,C,C,C,C,C,C,RRRRRCCCCCC,0,0,1,1,1,0,0,0,0,Data structures and algorithms are fascinating.,Fun,STEM Track,1336.0,53,White,High school diploma/A-levels,22,Male,White,United States,United States,United States,English,No,Full-Time
29,664ce0e5ae712ea0be372f76,D,B,B,A,C,B,A,C,D,C,DBBACBACDC,0.2,0.0,0.0,noisy,random,positive,Pass,black,7.0,2.0,1.0,Pass Box,B,C,A,B,D,B,A,B,C,B,BCABDBABCB,0.1,STEM Track,0.0,0.0,R,R,C,R,C,C,R,C,C,C,C,RRCRCCRCCCC,0,1,1,1,1,0,0,0,0,I'm not sure what that means,No feedback but thank you for study,STEM Track,355.0,421,Black/African American,High school diploma/A-levels,26,Female,Black,United States,United States,United States,English,No,Part-Time
30,5d20189bb34728001a230962,A,A,A,C,,,,,,,AAAC______,0.2,0.0,0.0,noisy,random,ground,Pass,red,10.0,1.0,1.0,Pass Box,D,B,A,C,B,D,A,B,C,D,DBACBDABCD,1.0,Non-STEM Track,0.0,0.0,R,R,R,R,R,R,C,C,C,C,C,RRRRRRCCCCC,0,0,1,0,1,0,0,0,0,I knew my chances were better. Math is not my forte,This was quite interesting. Refreshingly so.,Non-STEM Track,924.0,3148,Black/African American,Graduate degree (MA/MSc/MPhil/other),58,Female,Black,United States,United States,United States,English,No,Other
31,672e70f58954e501e96e73d5,D,A,B,B,C,B,B,A,,,DABBCBBA__,0.3,2.0,4.836,noisy,random,negative,Fail,black,50.0,10.0,10.0,Pass Box,B,A,C,A,,,,,,,BACA______,0.4,STEM Track,2.0,15.312,R,R,R,C,R,C,R,R,C,R,R,RRRCRCRRCRR,1,1,1,1,1,0,0,0,0,GOOD,GOOD,STEM Track,1405.0,262,White Mexican,Graduate degree (MA/MSc/MPhil/other),33,Female,White,United States,United States,United States,English,No,Full-Time
32,5ec5925cb3d6035afea34d20,B,A,C,B,A,B,D,A,C,A,BACBABDACA,0.6,0.0,0.0,noisy,random,ground,Pass,red,50.0,4.0,3.0,Pass Box,B,A,A,C,A,D,C,A,B,C,BAACADCABC,0.8,STEM Track,1.0,8.99,R,R,R,R,C,C,C,C,C,C,C,RRRRCCCCCCC,0,0,1,0,0,0,0,0,1,That is where I felt most successful.,Great!,STEM Track,635.0,2314,White,Undergraduate degree (BA/BSc/other),25,Female,White,United States,United States,United States,English,Yes,Part-Time
33,66a9979ad8c56c6f29446781,A,C,B,C,B,C,D,C,C,B,ACBCBCDCCB,0.6,0.0,0.0,noisy,random,positive,Pass,black,50.0,6.0,5.0,Pass Box,D,B,A,C,B,D,A,B,C,D,DBACBDABCD,1.0,Non-STEM Track,0.0,0.0,R,R,R,R,R,R,R,R,R,R,R,RRRRRRRRRRR,0,0,1,0,0,0,0,0,1,I figured it'd be easier!,"I had a great time, this was a good exercise for my brain.",Non-STEM Track,621.0,1001,Mixed,Undergraduate degree (BA/BSc/other),26,Male,Mixed,United States,United States,United States,English,No,Full-Time
34,67506b7a6aadbfb56b28bc43,D,B,B,D,A,B,C,B,D,A,DBBDABCBDA,0.1,0.0,0.0,noisy,random,positive,Fail,red,45.0,4.0,4.0,Fail Box,D,B,A,C,B,D,A,B,C,D,DBACBDABCD,1.0,Non-STEM Track,0.0,0.0,R,R,R,R,R,R,R,R,C,C,C,RRRRRRRRCCC,1,0,0,0,0,0,0,0,0,Ineeded more time to think about the other questions ,I enjoyed it,Non-STEM Track,555.0,203,White,Graduate degree (MA/MSc/MPhil/other),61,Female,White,United States,United States,United States,English,No,"Not in paid work (e.g. homemaker', 'retired or disabled)"
35,6320e0bc9b0649f05c5bb242,B,A,B,C,B,B,D,B,A,,BABCBBDBA_,0.4,0.0,0.0,noisy,random,negative,Pass,red,50.0,4.0,4.0,Pass Box,D,B,A,C,B,D,A,B,C,D,DBACBDABCD,1.0,Non-STEM Track,0.0,0.0,R,R,C,C,C,C,C,C,C,C,C,RRCCCCCCCCC,0,1,1,0,0,0,0,0,0,"It has been several years since I have taken math classes. I recognized some of the equations, but did not feel confident enough in my math/STEM skills to repeat it.","The math section was frustrating, but good to know where I stand with it. The non-STEM section was enjoyable to take because I felt a lot more confident in my vocabulary skills.",Non-STEM Track,1139.0,2977,White,High school diploma/A-levels,57,Male,White,United States,United States,United States,English,No,Full-Time
36,651ed09bae5c435e44627f99,,A,B,B,B,B,D,C,,D,_ABBBBDC_D,0.6,0.0,0.0,noisy,random,positive,Pass,black,65.0,6.0,4.0,Pass Box,B,,C,,A,D,C,A,B,C,B_C_ADCABC,0.8,STEM Track,0.0,0.0,R,R,R,R,R,R,C,C,C,C,C,RRRRRRCCCCC,0,0,1,0,0,0,0,0,0,I wasn't sure what the other track would be and I am decently confident in my math skills.,I want to know what the right answers were and how I did :),STEM Track,1209.0,1719,White,Doctorate degree (PhD/other),30,Female,White,United States,United States,United States,English,No,Full-Time
37,67342f08f661cea4a99e62e0,D,D,A,C,A,B,D,C,C,B,DDACABDCCB,0.5,0.0,0.0,noisy,random,ground,Pass,red,50.0,3.0,3.0,Pass Box,D,B,A,C,B,D,A,B,C,D,DBACBDABCD,1.0,Non-STEM Track,0.0,0.0,R,R,R,C,C,C,C,C,C,C,C,RRRCCCCCCCC,0,1,1,0,0,0,0,0,0,I'm not good at math.,It's been an interesting study. The vocab test was much more fun than the math one.,Non-STEM Track,610.0,16,White,Undergraduate degree (BA/BSc/other),39,Male,White,United States,United States,United States,English,No,Full-Time
38,6761973ee6070e2ddaf4da28,D,C,A,B,C,B,D,B,C,B,DCABCBDBCB,0.5,0.0,0.0,noisy,random,positive,Pass,red,70.0,5.0,5.0,Pass Box,D,A,A,B,B,B,A,B,C,D,DAABBBABCD,0.7,Non-STEM Track,0.0,0.0,R,R,R,R,R,R,C,C,C,C,C,RRRRRRCCCCC,0,0,1,0,1,1,0,0,0,I wasn't very academically ahead and thought it would be hard but the other track seemed easy so who knows,I like this not many surveys do hard questions or math,Non-STEM Track,1667.0,27,Mixed,High school diploma/A-levels,19,Male,Mixed,United States,United States,United States,English,No,Unemployed (and job seeking)
39,5a6e5b8a0384310001948ab4,D,A,A,C,C,A,C,A,B,A,DAACCACABA,0.1,0.0,0.0,noisy,random,negative,Fail,black,45.0,4.0,5.0,Fail Box,D,B,A,C,B,D,A,B,C,D,DBACBDABCD,1.0,Non-STEM Track,0.0,0.0,R,R,R,R,C,C,C,C,C,C,C,RRRRCCCCCCC,0,0,1,0,0,1,0,0,0,I do not always test well at stem. I'm usually better with other things.,Fine.,Non-STEM Track,732.0,3139,White,High school diploma/A-levels,35,Female,White,United States,United States,United States,English,No,"Not in paid work (e.g. homemaker', 'retired or disabled)"
40,568e7144e3ef9e000da20149,A,A,A,A,A,A,A,A,A,A,AAAAAAAAAA,0.2,0.0,0.0,noisy,random,positive,Pass,red,0.0,0.0,0.0,Not Sure,A,A,A,A,A,A,A,A,A,A,AAAAAAAAAA,0.4,STEM Track,0.0,0.0,R,C,C,C,C,C,C,C,C,C,C,RCCCCCCCCCC,0,1,1,0,0,0,0,0,0,had to pick something ,i hated it way too much work for shit pay do you see how much shit costs right now,STEM Track,749.0,6486,Mixed,High school diploma/A-levels,40,Male,Mixed,United States,United States,United States,English,No,Full-Time
41,5febd397ad8fbad21bcd6182,B,A,A,C,B,B,C,A,D,B,BAACBBCADB,0.4,0.0,0.0,noisy,random,ground,Fail,black,30.0,3.0,5.0,Fail Box,D,B,A,C,B,D,A,B,C,D,DBACBDABCD,1.0,Non-STEM Track,0.0,0.0,R,R,R,R,C,C,C,C,C,C,C,RRRRCCCCCCC,0,0,1,0,0,0,0,0,0,That's my strength,"That math was hard, would've liked using a calc or paper.",Non-STEM Track,442.0,6953,White,Technical/community college,34,Male,White,United States,United States,United States,English,Yes,Full-Time
42,5eeab6c160ae2d1dcb69e7de,C,A,B,C,A,B,D,C,A,B,CABCABDCAB,0.5,0.0,0.0,noisy,random,positive,Pass,black,30.0,3.0,3.0,Pass Box,B,C,C,C,C,C,C,C,B,C,BCCCCCCCBC,0.5,STEM Track,0.0,0.0,R,R,R,R,R,C,C,C,C,C,C,RRRRRCCCCCC,0,0,1,0,0,0,0,0,0,more potential for bonus money,great,STEM Track,449.0,24,White,Undergraduate degree (BA/BSc/other),37,Male,White,United States,United States,United States,English,No,Full-Time
45,641319b8fbec2db7b9736f35,C,D,B,B,D,A,,,,,CDBBDA____,0.1,0.0,0.0,noisy,random,negative,Pass,red,50.0,0.0,1.0,Fail Box,C,A,A,A,C,B,C,C,C,D,CAAACBCCCD,0.3,STEM Track,0.0,0.0,R,R,C,C,C,C,C,C,C,C,C,RRCCCCCCCCC,0,0,1,0,0,0,0,0,0,No special reason,I have obviously forgotten all of my mathematical training,STEM Track,1260.0,1197,White,Technical/community college,56,Female,White,United States,United States,United States,English,No,Full-Time
46,678ec19f9693124570e3a39d,B,D,C,B,B,B,B,C,B,B,BDCBBBBCBB,0.6,0.0,0.0,noisy,random,positive,Pass,red,50.0,4.0,3.0,Fail Box,B,B,D,B,B,D,B,A,C,C,BBDBBDBACC,0.4,STEM Track,0.0,0.0,R,R,R,C,C,C,C,C,C,C,C,RRRCCCCCCCC,1,0,0,0,0,0,0,0,0,to brainstorm and earn more bonus,i have no feedback,STEM Track,1022.0,30,White,Undergraduate degree (BA/BSc/other),26,Female,White,United States,United States,United States,English,Yes,Part-Time
47,671bdf1f387885333e5f10a2,D,A,C,C,B,B,B,C,,A,DACCBBBC_A,0.5,0.0,0.0,noisy,random,negative,Pass,red,50.0,4.0,3.0,Pass Box,D,B,A,C,B,D,A,B,C,D,DBACBDABCD,1.0,Non-STEM Track,0.0,0.0,R,R,R,C,C,C,C,C,C,C,C,RRRCCCCCCCC,0,0,1,0,0,0,0,0,0,The first quiz was hard as I have not done math like that for a long time.,The first quiz was hard.,Non-STEM Track,828.0,459,White,Undergraduate degree (BA/BSc/other),48,Female,White,United States,United States,United States,English,No,Unemployed (and job seeking)
48,5f13ea38e764c61a82f38588,D,A,C,B,,B,D,C,,B,DACB_BDC_B,0.7,2.0,15.227,noisy,random,negative,Pass,red,10.0,3.0,5.0,Pass Box,D,B,A,C,B,D,A,B,C,D,DBACBDABCD,1.0,Non-STEM Track,0.0,0.0,R,R,R,R,C,C,C,C,C,C,C,RRRRCCCCCCC,0,0,1,0,0,0,0,0,0,I havent done math in a long time and struggled with part 1 ,I was growing panicked with part 1,Non-STEM Track,1517.0,2532,East Asian,Undergraduate degree (BA/BSc/other),29,Female,Asian,China,United States,United States,Chinese,No,DATA_EXPIRED
49,674c8ba24e7fea1e1cad9244,C,D,C,B,A,D,D,C,B,A,CDCBADDCBA,0.4,0.0,0.0,noisy,random,negative,Pass,red,0.0,1.0,1.0,Fail Box,D,B,A,C,B,A,A,B,C,C,DBACBAABCC,0.8,Non-STEM Track,0.0,0.0,R,R,R,C,C,C,C,C,C,C,C,RRRCCCCCCCC,0,0,1,0,1,0,0,0,0,I'm not very good at math,no,Non-STEM Track,1067.0,61,White,Technical/community college,32,Female,White,United States,United States,United States,English,DATA_EXPIRED,DATA_EXPIRED
50,66790e08c1c5767636feee8d,D,A,D,C,C,B,D,B,C,B,DADCCBDBCB,0.5,0.0,0.0,noisy,random,negative,Pass,red,70.0,5.0,2.0,Pass Box,C,C,C,B,A,D,C,C,B,B,CCCBADCCBB,0.5,STEM Track,0.0,0.0,R,R,R,R,R,C,C,C,C,C,C,RRRRRCCCCCC,0,0,1,0,0,0,0,0,0,Confident in my abilities,,STEM Track,810.0,573,White,Undergraduate degree (BA/BSc/other),44,Male,White,United States,United States,United States,English,No,Full-Time
51,675b1da4018ac0d278aaa52c,D,A,C,B,C,A,D,B,A,C,DACBCADBAC,0.4,0.0,0.0,noisy,random,positive,Pass,red,20.0,4.0,4.0,Fail Box,D,B,A,C,B,B,A,B,C,D,DBACBBABCD,0.9,Non-STEM Track,0.0,0.0,R,R,R,R,R,C,C,C,C,C,C,RRRRRCCCCCC,0,0,1,0,0,0,0,0,0,I'm not very good at math and rely on computers for any analysis that I do. ,The first set of questions I was completely unsure of.  I haven't done that type of math in over 20 years.  The second type I aligned with.  ,Non-STEM Track,432.0,14,White,Undergraduate degree (BA/BSc/other),39,Male,White,United States,United States,United States,English,DATA_EXPIRED,DATA_EXPIRED
53,628d14b52b5bd1d83ed1f7d2,B,C,B,,D,C,,B,,,BCB_DC_B__,0.0,0.0,0.0,noisy,random,ground,Fail,black,40.0,3.0,4.0,Fail Box,D,B,A,C,B,D,A,B,C,D,DBACBDABCD,1.0,Non-STEM Track,0.0,0.0,R,R,R,R,R,C,C,C,C,C,C,RRRRRCCCCCC,0,1,0,0,0,0,0,0,0,I am not good at meth.,"The study was difficult for me, no other feedback.",Non-STEM Track,795.0,4326,Mixed,Technical/community college,37,Female,Mixed,United States,United States,United States,English,No,Unemployed (and job seeking)
54,66a3f9e04ef0793e01b941d7,A,A,D,C,B,B,D,C,B,C,AADCBBDCBC,0.6,0.0,0.0,noisy,random,ground,Pass,red,0.0,2.0,0.0,Pass Box,B,A,D,C,B,A,C,C,C,C,BADCBACCCC,0.4,STEM Track,0.0,0.0,R,R,C,C,C,C,C,C,C,C,C,RRCCCCCCCCC,0,0,1,0,0,0,0,0,0,because I didn't need to get any right for a guaranteed bonus.,"I am not good at math at all, so it was challenging, but I enjoyed it.",STEM Track,580.0,1055,White,Undergraduate degree (BA/BSc/other),46,Female,White,United States,United States,United States,English,No,Part-Time
55,6620a09b51dd0cf06035b3b1,D,B,B,C,D,B,A,C,C,B,DBBCDBACCB,0.4,0.0,0.0,noisy,random,ground,Pass,red,56.0,5.0,4.0,Pass Box,D,B,A,C,B,D,A,B,C,D,DBACBDABCD,1.0,Non-STEM Track,0.0,0.0,R,R,R,R,R,R,R,C,C,C,C,RRRRRRRCCCC,0,0,1,0,0,0,0,0,0,I'm not particularly confident in my math skills. ,The math test was very difficult without a pen and paper.,Non-STEM Track,906.0,400,White,Undergraduate degree (BA/BSc/other),28,Female,White,United States,United States,United States,English,No,"Not in paid work (e.g. homemaker', 'retired or disabled)"
56,678e69996debb07354f037ed,D,A,C,B,B,B,D,C,B,B,DACBBBDCBB,0.8,0.0,0.0,noisy,random,negative,Pass,red,75.0,9.0,8.0,Pass Box,B,A,B,A,B,D,C,A,B,C,BABABDCABC,0.8,STEM Track,0.0,0.0,R,R,R,R,R,C,C,C,C,C,C,RRRRRCCCCCC,0,0,1,0,1,0,0,0,0,I've always been interested in STEM and am in a STEM field,"Stressful, I felt like I was back in school! But happy to refresh and confirm I still got it",STEM Track,1477.0,64,Mixed,Undergraduate degree (BA/BSc/other),33,Female,White,United States,United States,United States,English,Yes,Full-Time
57,6791337a984fa58bf2ff4119,D,C,A,C,B,B,D,C,B,C,DCACBBDCBC,0.4,0.0,0.0,noisy,random,positive,Fail,red,40.0,6.0,5.0,Pass Box,B,B,C,C,A,D,C,A,C,B,BBCCADCACB,0.6,STEM Track,0.0,0.0,R,R,R,R,R,C,C,C,C,C,C,RRRRRCCCCCC,0,1,0,0,0,0,0,0,0,I enjoy engineering  ,"It was very interesting, I enjoyed the topics",STEM Track,1956.0,28,White,Graduate degree (MA/MSc/MPhil/other),27,Male,White,United States,United States,United States,English,Yes,Full-Time
58,676eb73af96a0d7856604762,B,A,D,B,B,B,A,B,B,A,BADBBBABBA,0.4,0.0,0.0,noisy,random,positive,Fail,red,80.0,7.0,8.0,Pass Box,D,B,A,B,B,D,A,A,C,D,DBABBDAACD,0.8,Non-STEM Track,0.0,0.0,R,R,R,R,R,C,C,C,C,C,C,RRRRRCCCCCC,1,0,0,1,1,0,0,0,0,more work,stress and got me doing maths i never thoight i'd ever do again,Non-STEM Track,1092.0,135,Black/African American,Undergraduate degree (BA/BSc/other),21,Male,Black,United States,United States,United States,English,No,Part-Time
59,5d0bd1f57b7e3c0019a69350,D,C,B,D,C,B,A,B,C,B,DCBDCBABCB,0.3,0.0,0.0,noisy,random,positive,Pass,black,20.0,2.0,2.0,Pass Box,B,C,A,B,C,C,B,C,B,B,BCABCCBCBB,0.2,STEM Track,0.0,0.0,R,R,R,R,R,R,C,C,C,C,C,RRRRRRCCCCC,0,0,1,0,0,0,0,0,0,Better chance to get a bigger bonus,thank you,STEM Track,404.0,1812,Latino/Hispanic,Technical/community college,46,Male,White,United States,United States,United States,English,No,Full-Time
60,66a56853eae42f430895b05e,D,A,B,C,D,B,D,B,B,B,DABCDBDBBB,0.4,0.0,0.0,noisy,random,negative,Fail,red,40.0,5.0,5.0,Not Sure,D,B,A,C,B,D,A,B,C,D,DBACBDABCD,1.0,Non-STEM Track,0.0,0.0,R,R,R,R,R,C,C,C,C,C,C,RRRRRCCCCCC,1,1,0,0,0,0,0,0,0,I prefer words to numbers,It reminded me of academic competitions in high school ,Non-STEM Track,815.0,1011,White,Undergraduate degree (BA/BSc/other),46,Female,White,United States,United States,United States,English,DATA_EXPIRED,DATA_EXPIRED
62,62e750fa810b090c094dc2f0,D,A,C,B,D,C,A,D,B,A,DACBDCADBA,0.3,0.0,0.0,noisy,random,positive,Fail,red,20.0,3.0,5.0,Fail Box,D,B,A,C,B,D,A,B,C,D,DBACBDABCD,1.0,Non-STEM Track,0.0,0.0,R,R,R,R,C,C,C,C,C,C,C,RRRRCCCCCCC,0,0,1,0,0,0,0,0,0,I've never really enjoyed math.,Slightly stressed because I haven't done similar problems in an inordinate amount of time. Interesting format for a study though.,Non-STEM Track,698.0,1804,White,High school diploma/A-levels,29,Male,White,United States,United States,United States,English,No,Unemployed (and job seeking)
64,673e249d764205ff4fdc5af1,A,C,D,A,B,D,C,A,B,D,ACDABDCABD,0.2,0.0,0.0,noisy,random,negative,Fail,black,50.0,2.0,5.0,Fail Box,D,B,A,C,B,D,A,B,C,D,DBACBDABCD,1.0,Non-STEM Track,0.0,0.0,R,R,R,R,R,C,C,C,C,C,C,RRRRRCCCCCC,0,1,1,0,0,0,0,0,0,I am awful at math,N/a,Non-STEM Track,406.0,252,White,High school diploma/A-levels,29,Female,White,United States,United States,United States,English,No,DATA_EXPIRED
66,678beb4407fe6ae23186cd25,B,C,C,D,D,D,C,B,B,B,BCCDDDCBBB,0.2,1.0,1.121,noisy,random,ground,Pass,red,15.0,2.0,2.0,Pass Box,D,B,A,C,B,D,A,B,C,D,DBACBDABCD,1.0,Non-STEM Track,0.0,0.0,R,R,R,R,R,C,C,C,C,C,C,RRRRRCCCCCC,0,0,1,0,0,0,0,0,0,"I work in stem, but I'm also good with words. ","It was fun... though the math quiz threw me quite far off, I haven't some of this stuff since college.",Non-STEM Track,870.0,66,White,Undergraduate degree (BA/BSc/other),44,Female,White,United States,United States,United States,English,No,Unemployed (and job seeking)
67,6697d66e84c2d16dd3451b8a,B,C,C,C,D,C,B,C,B,A,BCCCDCBCBA,0.2,0.0,0.0,noisy,random,positive,Pass,red,10.0,3.0,2.0,Pass Box,A,A,D,B,B,B,C,C,C,C,AADBBBCCCC,0.3,STEM Track,0.0,0.0,R,R,R,R,R,R,C,C,C,C,C,RRRRRRCCCCC,0,0,1,0,0,0,0,0,0,To pursue the Engineering Feild of Career.,"Much of the problems presented were hard to recover in memory the exact process to equate an answer. Also, the time added additional stress.",STEM Track,1428.0,757,Mixed,Undergraduate degree (BA/BSc/other),60,Male,Other,United States,United States,United States,English,Yes,Part-Time
68,66803fde87ae0ddcf6378d28,D,A,C,B,A,D,C,A,C,B,DACBADCACB,0.5,0.0,0.0,noisy,random,positive,Pass,black,30.0,1.0,4.0,Pass Box,D,B,A,C,B,D,A,B,C,D,DBACBDABCD,1.0,Non-STEM Track,0.0,0.0,R,R,R,R,R,R,R,C,C,C,C,RRRRRRRCCCC,0,0,1,0,0,0,0,0,0,I am more familiar with non-STEM topics.,The math was incredibly confusing!,Non-STEM Track,483.0,443,White,Undergraduate degree (BA/BSc/other),35,Female,White,United States,United States,United States,English,No,"Not in paid work (e.g. homemaker', 'retired or disabled)"
69,62fb84322433c8d7e890a145,B,C,B,C,A,C,B,C,D,B,BCBCACBCDB,0.2,0.0,0.0,noisy,random,negative,Pass,red,2.0,1.0,2.0,Fail Box,A,B,A,C,B,D,A,B,C,D,ABACBDABCD,0.9,Non-STEM Track,0.0,0.0,R,R,R,R,R,C,C,C,C,C,C,RRRRRCCCCCC,0,0,0,1,0,0,0,0,0,I'm not good with it.,"Slightly stressful, but went well I think.",Non-STEM Track,621.0,5254,White,High school diploma/A-levels,23,Female,White,United States,United States,United States,English,No,Unemployed (and job seeking)
70,61080eaae202b0ef135056a5,C,D,C,B,D,C,B,D,B,A,CDCBDCBDBA,0.2,1.0,4.164,noisy,random,negative,Fail,red,50.0,1.0,4.0,Fail Box,D,B,A,C,B,D,A,B,C,D,DBACBDABCD,1.0,Non-STEM Track,0.0,0.0,R,R,C,C,C,C,C,C,C,C,C,RRCCCCCCCCC,0,0,1,0,0,0,0,0,0,I am better at non-STEM subjects.,It was somewhat stressful to complete the math portion because I did not know any of the answers.,Non-STEM Track,589.0,1579,Mixed,Secondary education (e.g. GED/GCSE),26,Female,Mixed,United States,United States,United States,English,No,Full-Time
71,5c65b3d45416680001bed9fa,A,D,A,C,A,C,B,C,D,C,ADACACBCDC,0.2,0.0,0.0,noisy,random,negative,Fail,red,0.0,0.0,5.0,Pass Box,D,B,A,C,B,D,A,B,C,A,DBACBDABCA,0.9,Non-STEM Track,0.0,0.0,R,R,R,R,R,R,R,R,R,R,C,RRRRRRRRRRC,0,0,1,0,0,0,0,0,0,"Not good at math. But good at english. So, did not want to take a chance of failing the math. ","All clear, no issues with site. I experience the old test shock of, I dont know this material. But the english I did know.   Thank you, and have a good day.",Non-STEM Track,892.0,5449,White,Technical/community college,59,Male,White,United States,United States,United States,English,No,Part-Time
72,67489ac0f4d8c6b4bb65132a,B,A,B,C,C,A,B,D,B,B,BABCCABDBB,0.2,0.0,0.0,noisy,random,negative,Fail,black,70.0,7.0,7.0,Fail Box,D,B,A,C,B,B,A,B,C,C,DBACBBABCC,0.8,Non-STEM Track,0.0,0.0,R,R,C,C,C,R,C,R,R,C,C,RRCCCRCRRCC,0,0,1,0,0,0,0,0,0,I fell to a better fit my skills,It was great,Non-STEM Track,265.0,118,Mixed,Undergraduate degree (BA/BSc/other),24,Male,Black,United States,United States,United States,English,Yes,DATA_EXPIRED
73,6730202dcb4ba16a3665fd44,C,B,C,D,C,A,A,B,B,D,CBCDCAABBD,0.1,0.0,0.0,noisy,random,positive,Fail,red,40.0,7.0,9.0,Fail Box,D,B,A,C,B,D,A,B,C,D,DBACBDABCD,1.0,Non-STEM Track,0.0,0.0,R,R,R,R,R,C,C,C,C,C,C,RRRRRCCCCCC,0,0,1,0,0,0,0,0,0,I just randomly chose non-stem. ,No feedback. My experience was pleasurable and find there were no issues.,Non-STEM Track,755.0,320,Mixed,Undergraduate degree (BA/BSc/other),51,Female,White,United States,United States,United States,Armenian,No,Part-Time
74,640e4ddaf9f67c6c8ea4936b,C,C,D,B,B,A,C,A,C,C,CCDBBACACC,0.3,0.0,0.0,noisy,random,negative,Fail,black,27.0,0.0,4.0,Fail Box,A,B,A,C,B,B,A,B,C,D,ABACBBABCD,0.8,Non-STEM Track,0.0,0.0,R,R,R,C,C,C,C,C,C,C,C,RRRCCCCCCCC,0,0,1,0,0,0,0,0,0,I did not think I would get them all correct.,"I am not good in math, I do like challenges though. Everything went well.",Non-STEM Track,1123.0,3777,White,Secondary education (e.g. GED/GCSE),67,Female,White,United States,United States,United States,English,No,"Not in paid work (e.g. homemaker', 'retired or disabled)"
75,6768c93ee44f7da6a168e863,B,C,C,A,B,B,A,B,D,C,BCCABBABDC,0.3,0.0,0.0,noisy,random,negative,Fail,red,50.0,4.0,5.0,Pass Box,B,C,C,D,A,B,A,D,C,D,BCCDABADCD,0.3,STEM Track,0.0,0.0,R,R,C,R,R,R,R,R,R,R,R,RRCRRRRRRRR,0,0,1,0,0,0,0,0,0,That money would be really helpul to me.,liked it.,STEM Track,648.0,53,South Asian,Graduate degree (MA/MSc/MPhil/other),38,Male,Black,United States,United States,United States,English,No,Unemployed (and job seeking)
76,603470186bba1c26a354c27e,D,A,B,C,C,D,D,A,B,A,DABCCDDABA,0.2,0.0,0.0,noisy,random,positive,Fail,red,10.0,3.0,3.0,Fail Box,C,C,D,B,C,D,C,A,C,A,CCDBCDCACA,0.3,STEM Track,0.0,0.0,R,R,R,R,R,R,R,R,R,R,C,RRRRRRRRRRC,0,0,1,0,0,0,0,0,0,I figured I may possibly be able to get at least 3 right just by doing my best.,Challenging. Thank you so much for this opportunity.,STEM Track,672.0,4989,White,No formal qualifications,29,Female,White,United States,United States,United States,English,No,Other
77,6753d465d75dd7351fe9970e,,A,D,C,B,B,D,C,C,C,_ADCBBDCCC,0.6,0.0,0.0,noisy,random,positive,Pass,red,99.0,7.0,6.0,Fail Box,B,A,C,A,A,D,C,A,B,C,BACAADCABC,1.0,STEM Track,0.0,0.0,R,R,R,R,R,C,C,C,C,C,C,RRRRRCCCCCC,0,1,1,0,0,0,0,1,0,I enjoy and have always been good at math and science in school and in the workplace.,It was a little stressful because I like to get things right and the timer was stressing me out a bit.,STEM Track,1546.0,37,White,Graduate degree (MA/MSc/MPhil/other),58,Male,White,United States,United States,United States,English,No,Part-Time
78,665f267c82361fbb9f0bc2d9,D,B,C,B,D,C,C,A,A,A,DBCBDCCAAA,0.2,0.0,0.0,noisy,random,ground,Fail,black,40.0,2.0,4.0,Fail Box,D,B,A,C,B,D,A,B,C,D,DBACBDABCD,1.0,Non-STEM Track,0.0,0.0,R,R,R,R,R,R,R,R,C,C,C,RRRRRRRRCCC,0,1,0,0,0,0,0,0,0,i know i didnt do well,smooth and easy,Non-STEM Track,497.0,728,South East Asian,Technical/community college,32,Male,Asian,United States,United States,United States,English,No,Full-Time
79,664a8a478bcc9925b4c045e2,,D,B,C,,,,,,,_DBC______,0.0,0.0,0.0,noisy,random,positive,Fail,red,0.0,0.0,4.0,Fail Box,A,A,C,C,A,D,B,B,D,B,AACCADBBDB,0.4,STEM Track,0.0,0.0,R,R,R,R,R,R,R,R,R,R,R,RRRRRRRRRRR,0,0,0,0,0,0,0,0,1,I am in STEM related field ,Psychology/neuroscience,STEM Track,1078.0,11,White,Graduate degree (MA/MSc/MPhil/other),31,Female,White,United States,United States,United States,English,Yes,Full-Time
80,6683b31d16dd162d502a8b00,B,A,C,B,B,B,D,C,C,B,BACBBBDCCB,0.9,0.0,0.0,noisy,random,negative,Pass,red,65.0,6.0,5.0,Pass Box,B,C,B,A,A,D,C,C,C,C,BCBAADCCCC,0.6,STEM Track,0.0,0.0,R,R,R,R,R,C,C,C,C,C,C,RRRRRCCCCCC,0,0,1,0,0,0,0,0,0,"I chose the STEM track because I had a STEM-related major in college so I felt more comfortable with it. Additionally, I wasn't sure what non-STEM meant but I knew the STEM track would be more math questions which I think I did okay with",I think the process was overall straightforward. I do think the time listed on Prolific was not entirely accurate so the estimate compensation (at a base rate) is quite low,STEM Track,1393.0,797,Latino/Hispanic,Graduate degree (MA/MSc/MPhil/other),27,Male,White,United Kingdom,United States,United States,English,Yes,Full-Time
82,601636f7e8edb47a4e205797,D,D,B,D,C,D,D,B,C,A,DDBDCDDBCA,0.2,0.0,0.0,noisy,random,ground,Pass,red,5.0,1.0,2.0,Fail Box,D,B,A,C,B,D,A,B,C,D,DBACBDABCD,1.0,Non-STEM Track,0.0,0.0,R,R,R,R,R,R,C,C,C,C,C,RRRRRRCCCCC,0,0,1,0,0,0,0,0,0,I thought I would do significantly better at something unrelated to math.,"The STEM part was extremely difficult and I understood very little of how to answer the questions, the Non-STEM was incredibly easy.",Non-STEM Track,598.0,3368,Mixed,High school diploma/A-levels,24,Male,Mixed,United States,United States,United States,English,No,Unemployed (and job seeking)
83,678d41dd6f2e1cb054ca7565,A,B,B,A,C,D,A,A,C,B,ABBACDAACB,0.3,0.0,0.0,noisy,random,negative,Fail,black,45.0,3.0,5.0,Fail Box,D,B,A,C,B,D,A,B,C,D,DBACBDABCD,1.0,Non-STEM Track,0.0,0.0,R,R,R,R,R,R,C,C,C,C,C,RRRRRRCCCCC,0,0,1,0,0,0,0,0,0,Unknown questions,Overall decent,Non-STEM Track,647.0,20,Black/African American,High school diploma/A-levels,27,Male,Black,United States,United States,United States,English,No,Full-Time
84,6773e26dd7f566a722047029,,,,,,,,,,,__________,0.0,0.0,0.0,noisy,random,ground,Fail,black,30.0,4.0,7.0,Pass Box,D,B,A,C,B,D,A,B,C,D,DBACBDABCD,1.0,Non-STEM Track,0.0,0.0,R,R,R,R,R,C,C,C,C,C,C,RRRRRCCCCCC,0,0,1,0,1,0,0,0,0,"Because it has been more than 20 years since I did mathematical equations relating to STEM (via the calculus and physics courses I took back in high school), and since I am more comfortable with words and writing than equations relating to STEM at this point in time, I opted for something I felt I might excel at, rather than something that I was less confident in doing due to the amount of time that has passed since I was last really immersed in a world of equations like that.","My experience throughout the process was a mixture of anxiousness while trying to computer and calculate/figure out the mathematical equations, and more confident and at ease during the word comparison questions. I want to take a moment to thank you for the opportunity to participate in your study. I appreciate it, and found your study to be thought-provoking and interesting. I hope that the data you collect from me and other participants helps you with your research study, and wish you and your research team the very best of luck with your research endeavor. Take care and kindest regards.",Non-STEM Track,1916.0,52,Mixed,Technical/community college,45,Female,Mixed,United States,United States,United States,English,No,"Not in paid work (e.g. homemaker', 'retired or disabled)"
85,6790236904d0cf418a66bf97,D,A,A,D,D,B,D,B,D,B,DAADDBDBDB,0.4,0.0,0.0,noisy,random,positive,Fail,red,100.0,7.0,6.0,Fail Box,D,B,A,C,B,D,A,B,C,B,DBACBDABCB,0.9,Non-STEM Track,0.0,0.0,R,R,R,R,C,C,C,C,C,C,C,RRRRCCCCCCC,0,0,1,0,0,0,0,0,0,Not confident in my responses for STEM track earlier. ,Math was tough as I haven't seen those types of question since college (some 25 years ago). ,Non-STEM Track,923.0,65,East Asian,Doctorate degree (PhD/other),45,Male,Asian,United States,United States,United States,English,No,Unemployed (and job seeking)
86,66547ab3809c04cb72f4eedf,A,A,D,B,B,B,D,C,,B,AADBBBDC_B,0.8,0.0,0.0,noisy,random,negative,Pass,red,80.0,9.0,1.0,Pass Box,B,A,C,A,A,D,C,A,B,C,BACAADCABC,1.0,STEM Track,0.0,0.0,R,R,R,R,C,C,C,C,C,C,C,RRRRCCCCCCC,0,0,0,0,0,0,0,0,1,I loved science and I was always trying to understand how things around us work.,The questions reminded me of middle school and high school.,STEM Track,1333.0,293,South Asian,Undergraduate degree (BA/BSc/other),44,Male,Asian,India,United States,United States,English,No,DATA_EXPIRED
87,672aa37c77f534a8fd5882f6,D,A,A,D,C,B,B,D,B,B,DAADCBBDBB,0.3,0.0,0.0,noisy,random,ground,Fail,black,10.0,4.0,6.0,Fail Box,B,B,A,D,C,C,C,A,C,B,BBADCCCACB,0.3,STEM Track,0.0,0.0,R,C,C,C,C,C,C,C,C,C,C,RCCCCCCCCCC,0,0,1,0,1,0,0,0,0,I wanted to see if I could complete the STEM Track,It was hard because I didn't know a lot of the answers.,STEM Track,618.0,282,Mixed,Technical/community college,39,Female,Mixed,United States,United States,United States,English,No,Part-Time
88,66426e6d71cc0a1b1cd09097,,A,D,B,B,B,D,C,C,D,_ADBBBDCCD,0.7,1.0,3.018,noisy,random,ground,Pass,red,65.0,4.0,5.0,Fail Box,B,C,C,D,A,D,C,C,B,C,BCCDADCCBC,0.7,STEM Track,0.0,0.0,R,R,R,R,R,R,R,C,C,C,C,RRRRRRRCCCC,0,0,1,0,0,0,0,0,0,"I like math, better at math than logic questions",challenging and fast,STEM Track,1126.0,1163,White,Graduate degree (MA/MSc/MPhil/other),29,Male,White,United States,United States,United States,English,No,Full-Time
89,66cb78cfb80b0b64d242b0b2,B,B,B,B,A,C,B,A,D,A,BBBBACBADA,0.1,0.0,0.0,noisy,random,ground,Fail,black,1.0,0.0,6.0,Fail Box,D,B,A,C,B,D,A,B,C,D,DBACBDABCD,1.0,Non-STEM Track,0.0,0.0,R,R,R,R,C,C,C,C,C,C,C,RRRRCCCCCCC,0,0,1,0,0,0,0,0,0,I do not understand math and have dyscalculia,none,Non-STEM Track,438.0,315,White,Undergraduate degree (BA/BSc/other),44,Female,White,United States,United States,United States,English,No,Full-Time
91,65dfa0eb8559652ab54e2cbe,D,A,,,,B,D,C,,B,DA___BDC_B,0.5,0.0,0.0,noisy,random,ground,Pass,red,50.0,7.0,3.0,Pass Box,B,B,C,,A,D,C,A,B,,BBC_ADCAB_,0.7,STEM Track,0.0,0.0,R,R,R,R,C,C,C,C,C,C,C,RRRRCCCCCCC,0,1,0,0,0,0,1,0,0,Because I love Math!,I enjoyed the challenges,STEM Track,1464.0,485,Mixed,Undergraduate degree (BA/BSc/other),42,Female,White,United States,United States,United States,English,DATA_EXPIRED,DATA_EXPIRED
93,60d8b2566935da51a82c650d,B,A,B,B,B,B,B,B,A,A,BABBBBBBAA,0.4,0.0,0.0,noisy,random,ground,Fail,black,50.0,2.0,6.0,Fail Box,D,B,A,C,B,A,A,B,C,B,DBACBAABCB,0.8,Non-STEM Track,0.0,0.0,R,R,C,C,C,C,C,C,C,C,C,RRCCCCCCCCC,0,0,1,0,0,0,0,0,0,So I could at least get some kind of reward for the answers I did get correct,It was fun and easy!,Non-STEM Track,384.0,3007,White,High school diploma/A-levels,24,Female,White,United States,United States,United States,English,DATA_EXPIRED,Unemployed (and job seeking)
95,66fee0f1aae19e07dc9d2bf3,B,C,C,C,B,C,C,B,B,B,BCCCBCCBBB,0.3,0.0,0.0,noisy,random,positive,Fail,red,20.0,4.0,6.0,Not Sure,D,B,A,C,B,D,A,C,C,D,DBACBDACCD,0.9,Non-STEM Track,0.0,0.0,R,R,R,R,R,R,C,C,C,C,C,RRRRRRCCCCC,0,0,1,0,0,0,0,0,0,Easier to answer,it was straightforward,Non-STEM Track,564.0,305,Middle Eastern,Undergraduate degree (BA/BSc/other),32,Male,Mixed,Canada,United States,United States,English,Yes,Full-Time
96,61086ffb7892b26a35514292,D,A,C,C,D,B,C,B,C,A,DACCDBCBCA,0.4,0.0,0.0,noisy,random,positive,Pass,red,40.0,4.0,3.0,Pass Box,D,B,A,C,B,D,A,B,C,D,DBACBDABCD,1.0,Non-STEM Track,0.0,0.0,R,R,R,R,R,C,C,C,C,C,C,RRRRRCCCCCC,0,0,1,0,0,0,0,0,0,my degree is not in STEM,Stressed by the timer,Non-STEM Track,882.0,58,White,Undergraduate degree (BA/BSc/other),29,Female,White,United States,United States,United States,English,No,Full-Time
97,5e55d9d5bcdb1e5f55cca145,A,A,D,C,D,B,A,B,D,B,AADCDBABDB,0.4,0.0,0.0,noisy,random,negative,Pass,red,2.0,0.0,1.0,Pass Box,D,B,A,C,B,D,A,B,C,D,DBACBDABCD,1.0,Non-STEM Track,0.0,0.0,R,C,C,C,C,C,C,C,C,C,C,RCCCCCCCCCC,0,0,1,0,0,0,0,0,0,"I assumed it would be easier (and after doing it, by the way..I can safely say it definitely was easier!)","The math equations portion was hard...the word matching portion, in contrast, was easy.",Non-STEM Track,903.0,9268,Mixed,Technical/community college,40,Male,Other,United States,United States,United States,English,No,Full-Time
98,6743ab932df5504fb810d1cd,A,B,B,B,A,B,C,D,B,A,ABBBABCDBA,0.3,0.0,0.0,noisy,random,positive,Fail,red,25.0,3.0,4.0,Fail Box,D,B,A,C,B,D,A,B,C,D,DBACBDABCD,1.0,Non-STEM Track,0.0,0.0,R,R,R,C,C,C,C,C,C,C,C,RRRCCCCCCCC,0,0,1,0,0,0,0,0,0,I'm horrible at math,I was confused on the math part but everything else was very easy to grasp. Thank you! ,Non-STEM Track,1063.0,296,White,Secondary education (e.g. GED/GCSE),27,Male,White,United States,United States,United States,English,No,DATA_EXPIRED
99,5f49f3262a3d07563d14a7f1,B,A,B,C,B,C,B,A,C,A,BABCBCBACA,0.3,0.0,0.0,noisy,random,ground,Pass,red,40.0,3.0,2.0,Pass Box,D,B,A,C,B,D,A,B,C,D,DBACBDABCD,1.0,Non-STEM Track,0.0,0.0,R,R,C,C,C,C,C,C,C,C,C,RRCCCCCCCCC,0,0,1,0,0,0,0,0,0,I felt like I might perform better on the Non-STEM track.,I found the math questions to be very challenging.,Non-STEM Track,983.0,6065,White,Undergraduate degree (BA/BSc/other),30,Male,White,United States,United States,United States,English,DATA_EXPIRED,DATA_EXPIRED
100,62bdd58c792242d931ee4271,B,A,B,C,A,B,D,A,A,B,BABCABDAAB,0.4,0.0,0.0,noisy,random,positive,Fail,red,65.0,5.0,5.0,Fail Box,D,B,A,C,B,D,A,B,C,D,DBACBDABCD,1.0,Non-STEM Track,0.0,0.0,R,R,R,R,R,C,C,C,C,C,C,RRRRRCCCCCC,0,0,1,0,0,0,0,0,0,I feel more confident in my performance in non-Math related questions,,Non-STEM Track,785.0,825,Mixed,Undergraduate degree (BA/BSc/other),25,Male,Mixed,United States,United States,United States,English,DATA_EXPIRED,DATA_EXPIRED
101,667c3d0d0928dfca0dc67e27,D,A,D,C,B,,,,,,DADCB_____,0.2,0.0,0.0,noisy,random,positive,Fail,red,90.0,2.0,3.0,Fail Box,B,B,C,C,A,D,C,C,B,B,BBCCADCCBB,0.6,STEM Track,0.0,0.0,R,R,R,R,R,R,C,C,C,C,C,RRRRRRCCCCC,0,0,1,0,0,0,0,0,0,"I have a degree in neuroscience, so I know some math, but am definitely better with science than math. I just wanted the $2.",,STEM Track,1218.0,648,White,Undergraduate degree (BA/BSc/other),23,Female,White,United States,United States,United States,English,DATA_EXPIRED,DATA_EXPIRED
103,674f186242c25acd6ad52179,D,B,B,C,A,A,C,A,C,A,DBBCAACACA,0.1,0.0,0.0,noisy,random,negative,Pass,red,51.0,2.0,1.0,Fail Box,B,B,C,A,C,D,C,C,D,B,BBCACDCCDB,0.5,STEM Track,0.0,0.0,R,R,R,R,R,C,C,C,C,C,C,RRRRRCCCCCC,0,1,0,0,0,0,0,0,0,I wanted a challenge.,This was extremely tough for someone who wasn't math oriented. I think the second STEM test should include other STEM fields. ,STEM Track,1084.0,85,Latino/Hispanic,Technical/community college,45,Male,White,United States,United States,United States,English,No,Full-Time
104,5fdee4d96a36576ca62e4518,C,B,B,C,A,C,B,C,C,B,CBBCACBCCB,0.3,0.0,0.0,noisy,random,ground,Pass,red,10.0,1.0,2.0,Pass Box,D,B,A,C,B,D,A,B,C,D,DBACBDABCD,1.0,Non-STEM Track,0.0,0.0,R,R,R,R,R,C,C,C,C,C,C,RRRRRCCCCCC,0,0,1,0,0,0,0,0,0,I am not great at math,I felt silly taking the math section because I had little clue how to solve it. ,Non-STEM Track,869.0,3425,Mixed,Undergraduate degree (BA/BSc/other),48,Male,Mixed,United States,United States,United States,English,No,Full-Time
106,66757ab35abe49eff548c364,B,C,B,C,C,B,C,B,C,A,BCBCCBCBCA,0.2,0.0,0.0,noisy,random,positive,Fail,red,50.0,2.0,3.0,Fail Box,B,C,C,B,B,D,C,C,D,B,BCCBBDCCDB,0.4,STEM Track,0.0,0.0,R,R,R,R,C,C,C,C,C,C,C,RRRRCCCCCCC,0,0,1,0,0,0,0,0,0,Wanted to test myself and see if I could do better ,Pretty good. Challenging in a good way. ,STEM Track,1529.0,204,Black/African American,Undergraduate degree (BA/BSc/other),28,Female,Black,United States,United States,United States,English,DATA_EXPIRED,DATA_EXPIRED
108,62711f73b2dbf1f1867a703c,D,B,D,D,B,C,,B,,,DBDDBC_B__,0.1,0.0,0.0,noisy,random,ground,Fail,black,50.0,4.0,2.0,Fail Box,D,B,A,C,B,D,A,B,C,D,DBACBDABCD,1.0,Non-STEM Track,0.0,0.0,R,R,R,R,R,R,C,C,C,C,C,RRRRRRCCCCC,0,0,1,0,0,0,0,0,0,I was more comfortable performing non-stem task.,It was a tough but enjoyable exercise.,Non-STEM Track,1197.0,803,White,High school diploma/A-levels,36,Male,White,United States,United States,United States,English,No,Due to start a new job within the next month
109,63e52250d3c1483ed7be8ed8,C,C,B,C,A,C,B,C,B,C,CCBCACBCBC,0.1,0.0,0.0,noisy,random,positive,Fail,red,45.0,6.0,6.0,Pass Box,D,B,A,C,B,D,A,D,C,D,DBACBDADCD,0.9,Non-STEM Track,0.0,0.0,R,R,R,R,R,C,C,C,C,C,C,RRRRRCCCCCC,0,0,1,0,0,0,0,0,0,more likely ill get it,,Non-STEM Track,1456.0,4744,South East Asian,Undergraduate degree (BA/BSc/other),49,Female,Asian,Philippines,United States,United States,Tagalog-Filipino,No,DATA_EXPIRED
110,5e654640e35c882c5f4f4fc2,A,A,D,C,C,B,D,C,B,A,AADCCBDCBA,0.5,0.0,0.0,noisy,random,negative,Pass,red,60.0,5.0,5.0,Pass Box,D,B,C,A,A,D,C,A,B,C,DBCAADCABC,0.8,STEM Track,0.0,0.0,R,R,R,C,C,C,C,C,C,C,C,RRRCCCCCCCC,0,0,1,0,0,0,0,0,0,I enjoy solving STEM problems.,Stressful trying to solve problems in time,STEM Track,1541.0,1420,South Asian,High school diploma/A-levels,33,Male,Asian,United States,United States,United States,English,No,Full-Time
111,6786011258783b1102093712,D,A,A,B,B,B,C,A,D,A,DAABBBCADA,0.4,0.0,0.0,noisy,random,negative,Pass,red,20.0,2.0,2.0,Pass Box,B,C,A,C,C,B,B,B,A,D,BCACCBBBAD,0.1,STEM Track,0.0,0.0,R,C,C,C,C,C,C,C,C,C,C,RCCCCCCCCCC,0,0,1,0,0,0,0,0,0,For the protentional bonus,No,STEM Track,554.0,36,Latino/Hispanic,High school diploma/A-levels,18,Female,Mixed,United States,United States,United States,English,Yes,Unemployed (and job seeking)
112,668ac4c1b3549e7f656154d4,D,A,A,C,C,B,B,A,B,A,DAACCBBABA,0.2,0.0,0.0,noisy,random,positive,Pass,red,50.0,2.0,2.0,Not Sure,D,B,A,C,B,D,A,B,C,D,DBACBDABCD,1.0,Non-STEM Track,0.0,0.0,R,R,C,C,C,C,C,C,C,C,C,RRCCCCCCCCC,0,0,1,0,0,0,0,0,0,The questions in the first quiz were very challenging and I was curious about what topic the Non-STEM Track would present.,"I was very confused by a lot of the questions in the first quiz, but enjoyed the test overall. Thanks & best of luck! :)",Non-STEM Track,333.0,641,Mixed,Graduate degree (MA/MSc/MPhil/other),32,Female,Mixed,United States,United States,United States,English,No,Part-Time
113,66c15f26eb466531b1680061,B,B,B,C,B,A,D,C,B,C,BBBCBADCBC,0.3,0.0,0.0,noisy,random,negative,Fail,red,50.0,3.0,8.0,Fail Box,B,D,C,B,D,A,B,C,A,B,BDCBDABCAB,0.2,STEM Track,0.0,0.0,R,R,R,R,R,C,C,C,C,C,C,RRRRRCCCCCC,0,0,1,0,0,0,0,0,0,not sure,A bit confusing,STEM Track,748.0,597,White,Secondary education (e.g. GED/GCSE),40,Female,White,United States,United States,United States,English,No,Full-Time
114,63ea5b93d1c6d38e1f57dcfa,D,C,C,C,B,C,C,A,C,C,DCCCBCCACC,0.3,0.0,0.0,noisy,random,negative,Pass,red,20.0,2.0,3.0,Pass Box,B,B,D,C,A,D,C,A,B,C,BBDCADCABC,0.7,STEM Track,0.0,0.0,R,R,R,R,C,C,C,C,C,C,C,RRRRCCCCCCC,0,0,1,0,0,0,0,0,0,I felt that I could get three answers correct,The experience was fine,STEM Track,833.0,2792,White,Technical/community college,39,Male,White,United States,United States,United States,English,DATA_EXPIRED,DATA_EXPIRED
115,677d8cf86ffe47737cb9f8b3,D,A,A,C,B,C,C,C,B,A,DAACBCCCBA,0.3,0.0,0.0,noisy,random,ground,Pass,red,100.0,2.0,2.0,Pass Box,D,B,A,C,B,D,A,B,C,D,DBACBDABCD,1.0,Non-STEM Track,0.0,0.0,R,C,C,C,C,C,C,C,C,C,C,RCCCCCCCCCC,0,1,1,0,0,0,0,0,0,I hate the work of stem questions. I also remember how to do the work the least.,It was fine. I don't like stem questions so I tried but knew I didn't know the answers.,Non-STEM Track,656.0,58,White,Undergraduate degree (BA/BSc/other),39,Male,White,United States,United States,United States,English,No,DATA_EXPIRED
116,663aba8df8839918efccb2cb,D,D,B,B,C,B,A,A,D,B,DDBBCBAADB,0.3,0.0,0.0,noisy,random,ground,Fail,black,50.0,4.0,4.0,Fail Box,B,B,C,C,A,D,C,A,B,B,BBCCADCABB,0.7,STEM Track,0.0,0.0,R,R,R,R,R,R,C,C,C,C,C,RRRRRRCCCCC,0,0,1,0,0,0,0,0,0,I wanted to challenge myself now that I understood the context,I was not prepared for a math test and this felt long but I gave it my best,STEM Track,994.0,1191,East Asian,Doctorate degree (PhD/other),35,Male,Asian,United States,United States,United States,English,DATA_EXPIRED,DATA_EXPIRED
117,5d153b1f40218700189a05df,C,B,C,B,B,C,B,C,B,C,CBCBBCBCBC,0.4,0.0,0.0,noisy,random,ground,Fail,black,30.0,3.0,5.0,Fail Box,D,B,A,C,B,D,A,B,C,D,DBACBDABCD,1.0,Non-STEM Track,0.0,0.0,R,R,R,R,R,R,C,C,C,C,C,RRRRRRCCCCC,0,0,1,0,0,0,0,0,0,didnt have to go 5/5 to get some bonus .. ,it was ok,Non-STEM Track,262.0,2601,White,Technical/community college,38,Male,White,United States,United States,United States,English,No,Other
118,5e46145a76a07c101affe1e8,D,B,B,C,D,A,B,C,A,D,DBBCDABCAD,0.1,0.0,0.0,noisy,random,ground,Fail,black,50.0,6.0,4.0,Fail Box,D,B,A,C,B,D,A,B,C,D,DBACBDABCD,1.0,Non-STEM Track,0.0,0.0,R,R,R,R,R,R,R,C,C,C,C,RRRRRRRCCCC,0,1,0,0,0,0,0,0,0,"I was a journalism major and am good with words, so took my chances away from math",,Non-STEM Track,500.0,156,White,Undergraduate degree (BA/BSc/other),27,Male,White,United States,United States,United States,English,No,Full-Time
119,6665c6897fb2353775936967,B,A,B,C,D,,,B,B,B,BABCD__BBB,0.2,0.0,0.0,noisy,random,ground,Pass,red,5.0,1.0,2.0,Pass Box,D,B,A,C,B,D,A,B,C,D,DBACBDABCD,1.0,Non-STEM Track,0.0,0.0,R,R,R,R,R,C,C,C,C,C,C,RRRRRCCCCCC,1,1,0,0,0,0,0,0,0,I do not feel confident in my current STEM-related abilities.,"I felt that some of the instructions/explanations were difficult to comprehend without reading multiple times, and even then (specifically for the pass/fail box section) I was still confused as to if I properly understood what was written.",Non-STEM Track,1001.0,31,Latino/Hispanic,High school diploma/A-levels,22,Female,White,United States,United States,United States,English,Yes,Part-Time
121,66a653ded4b23649d48e2cd8,B,B,C,A,A,D,A,A,C,A,BBCAADAACA,0.2,0.0,0.0,noisy,random,positive,Pass,black,50.0,2.0,1.0,Pass Box,A,B,D,A,D,D,C,C,C,B,ABDADDCCCB,0.3,STEM Track,0.0,0.0,R,R,R,R,R,R,C,C,C,C,C,RRRRRRCCCCC,0,0,1,0,0,0,0,0,0,"I'm not the best at math, but I like to be challenged","It was hard, fun, and challenging",STEM Track,735.0,1071,White,Technical/community college,44,Female,White,United States,United States,United States,English,No,Full-Time
122,668972185d486bf277cfaca4,B,A,A,A,C,B,D,B,B,C,BAAACBDBBC,0.3,0.0,0.0,noisy,random,ground,Pass,red,10.0,2.0,1.0,Pass Box,D,B,A,C,B,D,A,B,C,D,DBACBDABCD,1.0,Non-STEM Track,0.0,0.0,R,R,R,R,C,C,C,C,C,C,C,RRRRCCCCCCC,1,1,0,0,0,0,0,1,0,I suck at math ,"Humiliating, then comforting",Non-STEM Track,577.0,715,White,Undergraduate degree (BA/BSc/other),42,Male,White,United States,United States,United States,English,No,Full-Time
123,66f81baba81e514e4cb5ff3c,D,D,D,D,D,D,D,B,C,D,DDDDDDDBCD,0.2,0.0,0.0,noisy,random,negative,Fail,red,10.0,2.0,10.0,Fail Box,D,B,A,C,B,D,A,B,C,D,DBACBDABCD,1.0,Non-STEM Track,0.0,0.0,R,R,R,C,C,C,C,C,C,C,C,RRRCCCCCCCC,0,0,1,0,0,0,0,0,0,Because I suck at math and there was no way I would get all 10,Nope. Was fun thanks.,Non-STEM Track,944.0,550,Native American or Alaskan Native,Undergraduate degree (BA/BSc/other),45,Male,Other,United States,United States,United States,English,No,Full-Time
124,672ca130c5f43c5ed7d5d4b8,D,A,A,C,D,C,B,C,C,B,DAACDCBCCB,0.4,0.0,0.0,noisy,random,negative,Pass,red,80.0,2.0,2.0,Pass Box,D,B,A,C,B,D,A,B,C,D,DBACBDABCD,1.0,Non-STEM Track,0.0,0.0,R,R,R,C,C,C,C,C,C,C,C,RRRCCCCCCCC,0,0,1,0,0,0,0,0,0,The questions seemed like they would be easier.,no,Non-STEM Track,618.0,493,White,Undergraduate degree (BA/BSc/other),48,Female,White,United States,United States,United States,English,No,DATA_EXPIRED
125,67570758821b22b4d92a9dea,A,A,D,B,B,B,D,C,B,B,AADBBBDCBB,0.8,0.0,0.0,noisy,random,negative,Fail,black,99.0,9.0,9.0,Fail Box,B,C,D,C,B,C,B,D,D,B,BCDCBCBDDB,0.1,STEM Track,0.0,0.0,R,R,R,R,R,R,R,C,C,C,C,RRRRRRRCCCC,0,0,1,0,0,0,0,0,0,I JUST DECIDE,NICE,STEM Track,969.0,94,Latino/Hispanic,Graduate degree (MA/MSc/MPhil/other),38,Male,White,United States,United States,United States,English,No,Part-Time
126,66a252056819ec081dcb1a2e,A,D,C,C,B,A,C,D,B,,ADCCBACDB_,0.3,0.0,0.0,noisy,random,negative,Fail,black,50.0,3.0,5.0,Fail Box,D,B,A,C,B,D,A,B,C,D,DBACBDABCD,1.0,Non-STEM Track,0.0,0.0,R,R,R,R,R,R,R,C,C,C,C,RRRRRRRCCCC,0,0,1,0,0,0,0,0,0,I was afraid to fail.,The math was something I figured I would never use again. It was fun though.,Non-STEM Track,1031.0,559,White,High school diploma/A-levels,50,Female,White,United States,United States,United States,English,No,"Not in paid work (e.g. homemaker', 'retired or disabled)"
128,65e00891e4c0c8cad9c1583a,D,C,A,B,C,C,B,B,A,A,DCABCCBBAA,0.1,1.0,17.416,noisy,random,negative,Fail,red,50.0,3.0,5.0,Pass Box,A,B,A,C,D,A,A,D,C,D,ABACDAADCD,0.6,Non-STEM Track,0.0,0.0,R,R,R,C,C,C,C,C,C,C,C,RRRCCCCCCCC,0,0,1,0,0,0,0,0,0,I wanted the ensure that I recieve the guarenteed payment rather than to take guesses on questions that I'm unfamiliar with.,"I had an excellent experience, thank you.",Non-STEM Track,1261.0,1326,White,High school diploma/A-levels,27,Male,White,United States,United States,United States,English,DATA_EXPIRED,DATA_EXPIRED
129,669096537df4a5e8ad991b9f,A,A,B,B,B,B,D,C,D,B,AABBBBDCDB,0.8,0.0,0.0,noisy,random,positive,Pass,black,50.0,7.0,7.0,Pass Box,B,A,C,A,A,D,C,A,B,C,BACAADCABC,1.0,STEM Track,0.0,0.0,R,R,R,R,R,R,R,R,R,C,C,RRRRRRRRRCC,0,0,1,0,0,0,0,0,1,my career path,The study was well engaging.,STEM Track,1194.0,626,White,Undergraduate degree (BA/BSc/other),22,Male,White,United States,United States,United States,English,Yes,Full-Time
130,6616c74455c86e370879cd00,B,A,C,B,A,B,D,C,C,B,BACBABDCCB,0.8,0.0,0.0,noisy,random,positive,Pass,black,50.0,3.0,4.0,Not Sure,D,B,A,C,B,D,A,B,C,D,DBACBDABCD,1.0,Non-STEM Track,0.0,0.0,R,R,R,R,R,R,C,C,C,C,C,RRRRRRCCCCC,0,1,0,0,0,0,0,0,0,"I am far better suited to non-math tracks. The reason is due to a lack of proper education on mathematics at the school I went to until my graduation.  If I had had a better teacher, then my path may have been very different. ",I enjoyed the study and found it to be very interesting. I had no technical issues and I thank you for allowing me to participate. I hope that I could be of help to you with your research.,Non-STEM Track,991.0,521,White,High school diploma/A-levels,37,Male,White,United States,United States,United States,English,No,Unemployed (and job seeking)
131,669d8f03a8742ea4d11b35d8,,,,,,,,,,,__________,0.0,0.0,0.0,noisy,random,ground,Fail,black,70.0,8.0,8.0,Pass Box,C,A,C,B,D,A,D,A,C,C,CACBDADACC,0.4,STEM Track,0.0,0.0,R,R,C,C,R,C,R,R,C,C,R,RRCCRCRRCCR,0,0,1,0,0,0,0,0,0,I decided to use the stem track because it seemed better suited for me.,Smooth sailing,STEM Track,1283.0,864,Black/African American,High school diploma/A-levels,18,Male,Black,United States,United States,United States,English,DATA_EXPIRED,DATA_EXPIRED
132,5d9c67b131544d00101daef1,D,B,A,C,A,D,C,C,C,C,DBACADCCCC,0.2,0.0,0.0,noisy,random,positive,Fail,red,1.0,2.0,3.0,Fail Box,D,B,A,C,B,D,A,B,C,D,DBACBDABCD,1.0,Non-STEM Track,0.0,0.0,R,C,C,C,C,C,C,C,C,C,C,RCCCCCCCCCC,0,1,1,0,0,0,0,0,0,I am more knowledgable of non-STEM subjects.,It was interesting and I'm curious what the point of the experiment is.,Non-STEM Track,669.0,9347,White,Technical/community college,36,Female,White,United States,United States,United States,English,Yes,Full-Time
133,579f1d3bc9abeb0001af52d8,C,C,D,C,D,A,B,C,A,A,CCDCDABCAA,0.1,0.0,0.0,noisy,random,ground,Fail,black,40.0,3.0,5.0,Fail Box,D,B,A,C,B,D,A,B,C,D,DBACBDABCD,1.0,Non-STEM Track,0.0,0.0,R,R,R,R,R,C,C,C,C,C,C,RRRRRCCCCCC,0,1,1,0,0,0,0,0,0,I believe that I would have an easier time answering the questions correctly.,I experienced no issues. ,Non-STEM Track,807.0,5974,Black/African American,Undergraduate degree (BA/BSc/other),42,Male,Black,United States,United States,United States,English,No,DATA_EXPIRED
135,67534c2438ce40934860b983,D,D,B,B,C,C,C,B,B,B,DDBBCCCBBB,0.2,0.0,0.0,noisy,random,negative,Fail,red,50.0,1.0,5.0,Pass Box,A,B,A,C,B,B,A,B,C,D,ABACBBABCD,0.8,Non-STEM Track,0.0,0.0,R,R,R,R,R,C,C,C,C,C,C,RRRRRCCCCCC,0,0,1,0,0,0,0,0,0,I'm not great at test taking.,"It was interesting, kind of nerve wracking!",Non-STEM Track,613.0,252,White,High school diploma/A-levels,43,Female,White,United States,United States,United States,English,No,Full-Time
136,641420858e37d13196283812,B,B,C,C,C,D,C,B,C,B,BBCCCDCBCB,0.3,0.0,0.0,noisy,random,negative,Fail,black,50.0,5.0,6.0,Fail Box,B,C,A,D,C,C,A,C,B,A,BCADCCACBA,0.2,STEM Track,0.0,0.0,R,R,R,R,R,R,R,R,C,C,C,RRRRRRRRCCC,0,0,1,0,0,0,0,0,0,I had confidence to do well.,It was good,STEM Track,1761.0,2185,Latino/Hispanic,Undergraduate degree (BA/BSc/other),34,Male,Mixed,United States,United States,United States,English,Yes,Full-Time
137,66ec879778bf72c70fc9bfba,C,B,B,A,D,B,C,C,C,B,CBBADBCCCB,0.4,0.0,0.0,noisy,random,negative,Pass,red,50.0,3.0,2.0,Pass Box,B,A,C,C,C,C,C,D,C,C,BACCCCCDCC,0.5,STEM Track,0.0,0.0,R,R,R,C,C,C,C,C,C,C,C,RRRCCCCCCCC,0,0,1,0,0,0,0,0,0,At a chance for a bigger bonus.,no,STEM Track,348.0,682,Mixed,Undergraduate degree (BA/BSc/other),39,Female,Mixed,United States,United States,United States,English,No,"Not in paid work (e.g. homemaker', 'retired or disabled)"
138,672658dbfc7d27cee21d040c,D,D,B,,B,A,C,,,,DDB_BAC___,0.1,0.0,0.0,noisy,random,negative,Fail,black,25.0,2.0,5.0,Fail Box,D,B,A,C,C,D,A,B,C,D,DBACCDABCD,0.9,Non-STEM Track,0.0,0.0,R,R,R,R,R,R,C,C,C,C,C,RRRRRRCCCCC,0,0,1,0,0,0,0,0,0,"I am trained in the humanities/social sciences -- that's my comfort level. I was never good at math, I never found a way to enjoy it. ",The math part made me feel like a fish out of water :-),Non-STEM Track,971.0,402,White,Doctorate degree (PhD/other),48,Female,White,Romania,United States,United States,English,No,Full-Time
139,66e629463e14ee75bdeb8c0d,D,A,C,B,B,C,C,C,B,D,DACBBCCCBD,0.5,0.0,0.0,noisy,random,positive,Pass,black,60.0,5.0,5.0,Pass Box,D,B,A,C,B,D,A,B,C,D,DBACBDABCD,1.0,Non-STEM Track,0.0,0.0,R,R,R,R,R,R,C,C,C,C,C,RRRRRRCCCCC,0,0,1,0,0,0,0,0,0,"I knew that I needed to answer every question correctly to receive the bonus, and wasn't confident.","The experience was good, but some of the math questions were difficult. I enjoyed the challenge though.",Non-STEM Track,778.0,613,White,Undergraduate degree (BA/BSc/other),37,Male,White,United States,United States,United States,English,No,Full-Time
140,6785c221277790fd8eae68c9,D,B,A,C,A,B,D,C,A,A,DBACABDCAA,0.3,1.0,2.568,noisy,random,positive,Fail,red,40.0,2.0,5.0,Fail Box,D,B,A,C,B,D,A,B,C,D,DBACBDABCD,1.0,Non-STEM Track,0.0,0.0,R,R,R,C,C,C,C,C,C,C,C,RRRCCCCCCCC,0,0,1,0,0,0,0,0,0,"I couldn't remember a lot of how to do the math. I knew my strong points were in non-stem areas, so I chose to play to my strengths rather than risk getting a $0 bonus.","It was tough to answer all those math questions and I felt confused the entire time during the survey. I understood what was expected of me, but I wasn't sure where it was leading. No feedback, however.",Non-STEM Track,672.0,69,White,Technical/community college,30,Female,White,United States,United States,United States,English,Yes,Other
141,672e5d74e5555c2f2e8f521a,C,D,C,D,D,B,C,D,C,C,CDCDDBCDCC,0.3,0.0,0.0,noisy,random,negative,Fail,black,50.0,5.0,5.0,Pass Box,B,A,C,A,C,D,B,A,B,B,BACACDBABB,0.7,STEM Track,1.0,18.21,R,C,C,R,C,C,C,R,C,C,C,RCCRCCCRCCC,1,0,1,0,0,0,0,0,0,,,STEM Track,1255.0,373,White Sephardic Jew,Graduate degree (MA/MSc/MPhil/other),36,Male,Black,United States,United States,United States,English,No,Full-Time
142,6699b7e8a3fa22647d9ea5c3,A,A,C,C,C,C,D,C,C,D,AACCCCDCCD,0.6,0.0,0.0,noisy,random,ground,Pass,red,2.0,3.0,4.0,Pass Box,D,B,A,C,B,D,A,B,C,D,DBACBDABCD,1.0,Non-STEM Track,0.0,0.0,R,C,C,C,C,C,C,C,C,C,C,RCCCCCCCCCC,0,0,1,0,0,0,0,0,0,I just chose to,It was fine.,Non-STEM Track,604.0,769,White,High school diploma/A-levels,28,Male,White,United States,United States,United States,English,No,Due to start a new job within the next month
143,6786964da815926193edcaff,A,A,D,B,A,B,D,B,A,B,AADBABDBAB,0.6,0.0,0.0,noisy,random,ground,Fail,black,70.0,6.0,7.0,Fail Box,B,,C,A,,D,C,,,C,B_CA_DC__C,0.6,STEM Track,0.0,0.0,C,C,C,C,C,C,C,C,R,R,R,CCCCCCCCRRR,0,0,1,0,0,0,0,0,0,I chose the STEM track because i though it would be the thing I'm best at.,It was good! the math question brought me back to high school.,STEM Track,1339.0,10,Black/African American,Undergraduate degree (BA/BSc/other),20,Female,Black,United States,United States,United States,English,Yes,Other
144,659af0d41796191df48305b0,C,B,B,C,C,B,B,B,C,C,CBBCCBBBCC,0.2,0.0,0.0,noisy,random,negative,Fail,black,63.0,2.0,5.0,Fail Box,A,B,A,C,B,D,A,B,C,D,ABACBDABCD,0.9,Non-STEM Track,0.0,0.0,R,R,R,R,R,R,C,C,C,C,C,RRRRRRCCCCC,0,0,1,1,1,0,0,0,0,I thought it would be easier,It was nice and easy going.,Non-STEM Track,275.0,227,Mixed,High school diploma/A-levels,26,Female,Mixed,United States,United States,United States,English,Yes,Unemployed (and job seeking)
146,671d33692f7f87f936ad440c,B,B,B,D,B,C,A,B,A,C,BBBDBCABAC,0.1,0.0,0.0,noisy,random,positive,Fail,red,50.0,3.0,5.0,Fail Box,D,B,A,C,B,D,A,B,C,D,DBACBDABCD,1.0,Non-STEM Track,0.0,0.0,R,R,R,R,R,R,C,C,C,C,C,RRRRRRCCCCC,0,0,1,0,0,0,0,0,0,"Math is not my strong suit, and I was unsure if the questions on the STEM track would continue being mathematical","Fine experience, no feedback",Non-STEM Track,403.0,252,Mixed,Technical/community college,28,Female,Mixed,United States,United States,United States,English,Yes,Part-Time
147,5db9a46ff8e3f9000f88cb85,D,A,A,C,A,D,D,A,B,C,DAACADDABC,0.2,0.0,0.0,noisy,random,ground,Fail,black,50.0,3.0,5.0,Fail Box,D,B,A,C,B,D,A,B,C,D,DBACBDABCD,1.0,Non-STEM Track,0.0,0.0,R,R,R,R,R,C,C,C,C,C,C,RRRRRCCCCCC,0,1,0,0,0,1,0,0,0,It's a reward for my success.,I enjoyed it.  No comments.,Non-STEM Track,1053.0,4215,White,Technical/community college,67,Male,White,United States,United States,United States,English,No,Full-Time
148,66a2f422847b3fd2e5c5f473,D,C,A,C,D,B,B,B,C,B,DCACDBBBCB,0.3,0.0,0.0,noisy,random,negative,Pass,red,50.0,6.0,3.0,Pass Box,D,B,A,C,B,D,A,B,C,D,DBACBDABCD,1.0,Non-STEM Track,0.0,0.0,R,R,R,R,R,R,C,C,C,C,C,RRRRRRCCCCC,0,0,1,0,0,1,0,0,0,Due to the risk of earning $0 for questions I had no idea what we're going to be asked. ,No feedback ,Non-STEM Track,836.0,629,White,High school diploma/A-levels,40,Male,White,United States,United States,United States,English,No,Unemployed (and job seeking)
149,602aaba2c2eb7c106100e516,D,A,D,D,B,D,B,A,D,B,DADDBDBADB,0.3,0.0,0.0,noisy,random,negative,Pass,red,40.0,3.0,3.0,Pass Box,D,B,A,C,B,D,A,B,C,D,DBACBDABCD,1.0,Non-STEM Track,0.0,0.0,R,R,R,R,C,C,C,C,C,C,C,RRRRCCCCCCC,1,0,1,0,0,0,0,0,0,My math skills are abysmal. I was very confident I would have a better chance at a larger bonus doing almost any other task.,"I had to guess on every question in the first (math-related) part. I tried to logically select the most likely answers for questions I vaguely understood and just guessed ""D"" for the other questions. I'm extremely glad I chose the non-STEM path for the second round of questions; vocabulary is definitely one of my stronger areas!",Non-STEM Track,1211.0,6555,White,Undergraduate degree (BA/BSc/other),33,Male,White,United States,United States,United States,English,No,Full-Time
150,5eb5f6d5e38e9f4e6c8dde3f,A,C,A,C,C,A,D,C,A,B,ACACCADCAB,0.4,0.0,0.0,noisy,random,positive,Pass,black,5.0,2.0,2.0,Pass Box,D,B,A,C,B,D,A,B,C,D,DBACBDABCD,1.0,Non-STEM Track,0.0,0.0,R,R,R,R,R,R,R,R,C,C,C,RRRRRRRRCCC,0,0,1,0,0,0,0,0,0,"I am not that smart, to be honest.",It was fun,Non-STEM Track,457.0,8882,White,Undergraduate degree (BA/BSc/other),26,Female,White,United States,United States,United States,English,No,Full-Time
151,5e64a02eb7d70b20f250b129,D,D,C,B,B,B,C,C,B,B,DDCBBBCCBB,0.6,0.0,0.0,noisy,random,positive,Pass,black,5.0,2.0,2.0,Pass Box,D,B,A,C,B,D,A,B,C,D,DBACBDABCD,1.0,Non-STEM Track,0.0,0.0,R,R,R,C,C,C,C,C,C,C,C,RRRCCCCCCCC,0,0,1,0,1,0,0,0,0,Because I am horrible with mathematical questions. ,Interesting study although the math questions were extremely difficult for me. ,Non-STEM Track,772.0,5657,White,Technical/community college,66,Female,White,United States,United States,United States,English,No,"Not in paid work (e.g. homemaker', 'retired or disabled)"
152,664fadc444dc1b020df32c78,D,A,B,B,B,B,D,C,B,B,DABBBBDCBB,0.7,0.0,0.0,noisy,random,ground,Pass,red,70.0,8.0,7.0,Pass Box,C,B,C,D,B,D,B,C,C,D,CBCDBDBCCD,0.2,STEM Track,0.0,0.0,R,R,R,R,R,C,C,C,C,C,C,RRRRRCCCCCC,0,0,1,0,0,0,0,0,1,"I chose the STEM Track because I enjoy problem-solving, logical reasoning, and working with numbers. I also wanted to challenge myself with the math-based questions and see how well I could perform","The process was engaging and well-structured. The math questions were fair, and the hint system was an interesting way to assess performance. It would be helpful to see explanations for missed questions to learn from mistakes.",STEM Track,1538.0,972,White,Undergraduate degree (BA/BSc/other),32,Male,Black,United States,United States,United States,English,DATA_EXPIRED,DATA_EXPIRED
153,67817d6ae31ff11e01454731,D,A,C,B,D,B,A,C,B,D,DACBDBACBD,0.5,0.0,0.0,noisy,random,negative,Pass,red,30.0,3.0,4.0,Pass Box,A,C,B,C,D,A,B,C,B,D,ACBCDABCBD,0.1,STEM Track,1.0,10.786,R,R,R,R,R,C,C,C,C,C,C,RRRRRCCCCCC,0,0,1,0,1,0,0,0,0,"I used to be good at math, but it definitely has gotten harder as I have moved away from the refresh of math classes",,STEM Track,686.0,68,White,Technical/community college,19,Female,White,United States,United States,United States,English,Yes,Unemployed (and job seeking)
154,5df2ebac820526203e557d37,B,C,A,C,A,A,C,B,C,C,BCACAACBCC,0.1,0.0,0.0,noisy,random,negative,Pass,red,0.0,0.0,0.0,Fail Box,D,B,A,C,B,D,A,B,C,D,DBACBDABCD,1.0,Non-STEM Track,0.0,0.0,R,R,R,C,C,C,C,C,C,C,C,RRRCCCCCCCC,0,0,1,0,0,0,0,0,0,Thought it might be easier,"The first part was hard, second was easy, enjoyed it though.",Non-STEM Track,957.0,1445,White,High school diploma/A-levels,56,Female,White,United States,United States,United States,English,No,"Not in paid work (e.g. homemaker', 'retired or disabled)"
155,61075a765969d97b256603b7,A,C,B,B,B,,,,,,ACBBB_____,0.3,0.0,0.0,noisy,random,positive,Pass,black,2.0,5.0,2.0,Pass Box,B,C,C,A,A,D,C,A,A,C,BCCAADCAAC,0.8,STEM Track,0.0,0.0,R,R,R,R,R,R,C,C,C,C,C,RRRRRRCCCCC,0,1,0,0,0,0,0,0,0,MY WISH,GOOD,STEM Track,1160.0,1230,Latino/Hispanic,Undergraduate degree (BA/BSc/other),47,Male,Other,United States,United States,United States,English,DATA_EXPIRED,DATA_EXPIRED
157,60fe78024bb07d7a327ec085,B,C,A,C,C,B,D,C,B,C,BCACCBDCBC,0.3,0.0,0.0,noisy,random,ground,Fail,black,28.0,4.0,7.0,Fail Box,D,B,A,C,B,D,A,B,C,D,DBACBDABCD,1.0,Non-STEM Track,0.0,0.0,R,R,R,R,R,C,C,C,C,C,C,RRRRRCCCCCC,0,1,1,1,1,0,0,0,0,"I've always been great at other subjects besides science, so I took a chance. ","No feedback, the only issue I had was my computer zoomed out quick and I had to click out of the screen to fix it. ",Non-STEM Track,682.0,1543,Latino/Hispanic,Graduate degree (MA/MSc/MPhil/other),32,Female,White,United States,United States,United States,English,No,Due to start a new job within the next month
158,674382c7325a6cb19d897ca4,B,C,C,C,C,C,C,C,C,C,BCCCCCCCCC,0.3,0.0,0.0,noisy,random,negative,Pass,red,50.0,5.0,3.0,Fail Box,C,C,C,C,C,C,C,C,C,C,CCCCCCCCCC,0.3,STEM Track,0.0,0.0,R,R,R,C,C,C,C,C,C,C,C,RRRCCCCCCCC,0,1,0,0,0,0,0,0,0,To try and get the bonus,,STEM Track,187.0,436,White,Graduate degree (MA/MSc/MPhil/other),41,Female,White,United States,United States,United States,English,No,Unemployed (and job seeking)
159,661045b87d3e3a9bda51b367,A,A,A,C,D,D,C,C,B,C,AAACDDCCBC,0.3,0.0,0.0,noisy,random,negative,Fail,red,50.0,4.0,4.0,Pass Box,B,A,C,B,A,D,C,A,A,A,BACBADCAAA,0.7,STEM Track,0.0,0.0,R,R,R,R,R,C,C,C,C,C,C,RRRRRCCCCCC,0,0,1,0,0,0,0,0,0,above average on math,"challenging for sure, not enough time for me",STEM Track,2348.0,719,White,Undergraduate degree (BA/BSc/other),70,Male,White,United States,United States,United States,English,No,Part-Time
160,677c3d638b3b40fc2c99292e,B,A,C,C,D,A,B,D,A,A,BACCDABDAA,0.2,0.0,0.0,noisy,random,negative,Fail,red,40.0,4.0,5.0,Pass Box,B,B,C,A,A,B,C,C,B,C,BBCAABCCBC,0.7,STEM Track,0.0,0.0,R,R,R,R,R,R,C,C,C,C,C,RRRRRRCCCCC,1,0,1,0,0,0,0,0,0,More $$,Very thought provoking and tricky,STEM Track,890.0,92,Mixed,Undergraduate degree (BA/BSc/other),46,Male,White,United Kingdom,United States,United States,English,No,Full-Time
161,6400d8fbeba2f9f8eb604b9a,D,A,C,B,D,D,A,A,C,B,DACBDDAACB,0.5,0.0,0.0,noisy,random,ground,Pass,red,50.0,3.0,5.0,Pass Box,D,B,A,C,B,D,A,B,C,D,DBACBDABCD,1.0,Non-STEM Track,0.0,0.0,R,R,R,R,R,R,C,C,C,C,C,RRRRRRCCCCC,0,0,1,0,0,0,0,0,0,I thought I would be more confident there.  ,I thought the STEM questions were quite difficult.  ,Non-STEM Track,1077.0,4672,East Asian,Technical/community college,41,Male,Asian,United States,United States,United States,English,Yes,Full-Time
162,67508cc64d6168582f18c11a,D,A,B,B,B,,,,,,DABBB_____,0.3,0.0,0.0,noisy,random,negative,Fail,black,90.0,4.0,5.0,Fail Box,D,B,A,C,B,B,A,B,C,D,DBACBBABCD,0.9,Non-STEM Track,0.0,0.0,R,R,R,R,C,C,C,C,C,C,C,RRRRCCCCCCC,0,0,1,0,0,0,0,0,0,I did not feel like there was enough time allotted to complete the math questions. I was putting a lot of effort into them and got timed out. You're encouraging cheating then. ,Thank you!,Non-STEM Track,821.0,249,White,Undergraduate degree (BA/BSc/other),33,Female,White,United States,United States,United States,English,No,Full-Time
163,6785cdc31fd7b7e0d5d91209,B,A,A,C,B,B,A,A,B,C,BAACBBAABC,0.3,0.0,0.0,noisy,random,negative,Fail,black,20.0,4.0,4.0,Fail Box,D,B,A,C,B,D,A,B,C,D,DBACBDABCD,1.0,Non-STEM Track,0.0,0.0,R,R,R,R,R,R,C,C,C,C,C,RRRRRRCCCCC,0,0,1,0,0,0,0,0,0,It was decided for me to go to public school.,Math was the tough part.,Non-STEM Track,930.0,10,White,Graduate degree (MA/MSc/MPhil/other),28,Male,White,United States,United States,United States,English,No,Full-Time
164,663bae5f46106508ead1cc5d,B,C,C,D,B,A,C,A,A,C,BCCDBACAAC,0.2,0.0,0.0,noisy,random,ground,Fail,black,50.0,10.0,5.0,Fail Box,D,B,A,C,B,D,A,B,C,D,DBACBDABCD,1.0,Non-STEM Track,0.0,0.0,R,R,R,R,R,R,R,C,C,C,C,RRRRRRRCCCC,0,0,1,0,0,0,0,0,0,THE MATH QUESTIONS BORED ME,THE MATH QUESTIONS SUCKED AND SHOULDNT OF BEEN SO HARD.,Non-STEM Track,405.0,1144,Mixed,Undergraduate degree (BA/BSc/other),42,Male,Mixed,United States,United States,United States,English,No,Full-Time
165,604b9e6373c491acd8aec923,C,B,C,A,C,A,B,C,D,A,CBCACABCDA,0.2,0.0,0.0,noisy,random,negative,Fail,black,10.0,2.0,10.0,Fail Box,D,B,A,C,B,D,A,B,C,D,DBACBDABCD,1.0,Non-STEM Track,0.0,0.0,R,R,R,R,C,C,C,C,C,C,C,RRRRCCCCCCC,0,0,1,0,0,0,0,0,0,I am not good at math,none,Non-STEM Track,389.0,10189,White,Undergraduate degree (BA/BSc/other),45,Male,White,United States,United States,United States,English,No,Full-Time
167,66cd09a1e2fb3850eaf08fd8,C,A,D,B,B,B,C,C,A,C,CADBBBCCAC,0.5,1.0,17.083,noisy,random,negative,Fail,red,60.0,6.0,6.0,Pass Box,D,B,A,C,B,D,A,B,C,D,DBACBDABCD,1.0,Non-STEM Track,0.0,0.0,R,R,R,R,R,R,C,C,C,C,C,RRRRRRCCCCC,0,0,1,0,0,0,0,0,0,I wanted to challenge myself,The experience was quite smooth,Non-STEM Track,941.0,84,Mixed,Undergraduate degree (BA/BSc/other),27,Male,Black,United States,United States,United States,English,No,Full-Time
168,5c376ea0eecc440001c58889,D,A,D,B,B,B,A,D,D,B,DADBBBADDB,0.5,0.0,0.0,noisy,random,ground,Pass,red,20.0,2.0,3.0,Pass Box,D,B,A,C,B,D,A,B,C,D,DBACBDABCD,1.0,Non-STEM Track,0.0,0.0,R,R,C,C,C,C,C,C,C,C,C,RRCCCCCCCCC,0,1,0,0,0,0,0,0,0,I'm terrible at math and science.,I had fun. Thank you. I enjoyed making choices.,Non-STEM Track,435.0,7883,White,Undergraduate degree (BA/BSc/other),46,Male,White,United States,United States,United States,English,No,DATA_EXPIRED
169,6789724c92e45d4199194b86,B,D,B,D,B,A,D,A,C,C,BDBDBADACC,0.3,0.0,0.0,noisy,random,negative,Fail,red,20.0,4.0,8.0,Pass Box,D,D,A,C,B,D,A,B,C,D,DDACBDABCD,0.9,Non-STEM Track,0.0,0.0,R,R,R,R,R,R,R,C,C,C,C,RRRRRRRCCCC,0,1,1,0,0,0,0,0,0,The non stem questions seemed easier and the money was more guaranteed.,"I enjoyed the survey, the math questions were hard.",Non-STEM Track,489.0,26,White,High school diploma/A-levels,21,Male,White,United States,United States,United States,English,Yes,Part-Time
171,6308dca0fefa374b1d697aba,D,B,D,B,C,B,D,A,D,A,DBDBCBDADA,0.3,0.0,0.0,noisy,random,negative,Pass,red,15.0,3.0,1.0,Pass Box,D,C,A,C,A,D,D,B,C,A,DCACADDBCA,0.2,STEM Track,0.0,0.0,R,R,R,R,R,C,C,C,C,C,C,RRRRRCCCCCC,0,0,1,0,0,0,0,0,0,The incentive,A nice change of pace for the studies.,STEM Track,572.0,3297,White,Technical/community college,37,Male,White,United States,United States,United States,English,No,Full-Time
172,5dd350af4a113a36288b663a,C,C,B,A,D,A,B,C,C,A,CCBADABCCA,0.2,0.0,0.0,noisy,random,ground,Fail,black,20.0,0.0,10.0,Fail Box,D,B,A,C,B,D,A,B,C,D,DBACBDABCD,1.0,Non-STEM Track,0.0,0.0,R,R,R,R,R,R,C,C,C,C,C,RRRRRRCCCCC,0,0,1,0,0,0,0,0,0,Because I am old and the math questions truly stumped me. ,I suck at math. ,Non-STEM Track,611.0,101,White,Undergraduate degree (BA/BSc/other),56,Female,White,United States,United States,United States,English,No,Unemployed (and job seeking)
174,65c10d09a62f4f913412bd71,A,B,B,B,B,B,D,C,B,B,ABBBBBDCBB,0.7,0.0,0.0,noisy,random,positive,Pass,red,25.0,3.0,3.0,Fail Box,D,B,A,C,B,D,A,D,C,D,DBACBDADCD,0.9,Non-STEM Track,0.0,0.0,R,R,R,C,C,C,C,C,C,C,C,RRRCCCCCCCC,0,0,1,0,0,0,0,0,0,I'm better at literature than math,It really helped me use my brain which I appreciate.,Non-STEM Track,963.0,1502,Black/African American,High school diploma/A-levels,29,Female,Black,United States,United States,United States,English,No,Unemployed (and job seeking)
