participant.id_in_session,participant.code,participant.label,participant._is_bot,participant._index_in_pages,participant._max_page_index,participant._current_app_name,participant._current_page_name,participant.time_started_utc,participant.visited,participant.mturk_worker_id,participant.mturk_assignment_id,participant.payoff,participant.drop,participant.single,participant.page_number,participant.oppo_list,participant.payoffs_list,participant.oppo_payoffs_list,participant.nodes_list,participant.oppo_nodes_list,participant.takes_list,participant.oppo_takes_list,participant.order,participant.finished,participant.prolificID,session.code,session.label,session.mturk_HITId,session.mturk_HITGroupId,session.comment,session.is_demo,session.config.real_world_currency_per_point,session.config.return_url,session.config.participation_fee,session.config.name,Intro.1.player.id_in_group,Intro.1.player.role,Intro.1.player.payoff,Intro.1.player.prolific_id,Intro.1.group.id_in_subsession,Intro.1.subsession.round_number,Section_1.1.player.id_in_group,Section_1.1.player.role,Section_1.1.player.payoff,Section_1.1.player.question1,Section_1.1.player.question2,Section_1.1.player.question3,Section_1.1.player.question4,Section_1.1.player.question5,Section_1.1.player.question6,Section_1.1.player.question7,Section_1.1.player.question8,Section_1.1.player.question9,Section_1.1.player.question10,Section_1.1.player.stem_quiz_1_answers,Section_1.1.player.stem_quiz_1_score,Section_1.1.player.num_tab_switches_in_section_1,Section_1.1.player.total_time_hidden_in_section_1,Section_1.1.group.id_in_subsession,Section_1.1.subsession.round_number,Section_2_3.1.player.id_in_group,Section_2_3.1.player.role,Section_2_3.1.player.payoff,Section_2_3.1.player.track,Section_2_3.1.player.path,Section_2_3.1.player.info_structure,Section_2_3.1.player.preferred_info_structure,Section_2_3.1.player.performance,Section_2_3.1.player.ball_color,Section_2_3.1.player.overplacement,Section_2_3.1.player.overestimation,Section_2_3.1.player.passing_threshold,Section_2_3.1.player.ball_origin_estimation,Section_2_3.1.group.id_in_subsession,Section_2_3.1.subsession.round_number,Section_4_5.1.player.id_in_group,Section_4_5.1.player.role,Section_4_5.1.player.payoff,Section_4_5.1.player.question1,Section_4_5.1.player.question2,Section_4_5.1.player.question3,Section_4_5.1.player.question4,Section_4_5.1.player.question5,Section_4_5.1.player.question6,Section_4_5.1.player.question7,Section_4_5.1.player.question8,Section_4_5.1.player.question9,Section_4_5.1.player.question10,Section_4_5.1.player.quiz_2_answers,Section_4_5.1.player.quiz_2_score,Section_4_5.1.player.preferred_second_survey,Section_4_5.1.player.parsed_questions,Section_4_5.1.player.num_tab_switches_in_section_5,Section_4_5.1.player.total_time_hidden_in_section_5,Section_4_5.1.player.passing_threshold,Section_4_5.1.group.id_in_subsession,Section_4_5.1.subsession.round_number,Section_6.1.player.id_in_group,Section_6.1.player.role,Section_6.1.player.payoff,Section_6.1.player.question1,Section_6.1.player.question2,Section_6.1.player.question3,Section_6.1.player.question4,Section_6.1.player.question5,Section_6.1.player.question6,Section_6.1.player.question7,Section_6.1.player.question8,Section_6.1.player.question9,Section_6.1.player.question10,Section_6.1.player.question11,Section_6.1.player.risk_tolerance_answers,Section_6.1.group.id_in_subsession,Section_6.1.subsession.round_number,Section_7.1.player.id_in_group,Section_7.1.player.role,Section_7.1.player.payoff,Section_7.1.player.schools_private_independent,Section_7.1.player.schools_private_religious,Section_7.1.player.schools_public_school,Section_7.1.player.schools_homeschool,Section_7.1.player.schools_online_school,Section_7.1.player.schools_charter_school,Section_7.1.player.schools_all_girls_school,Section_7.1.player.schools_all_boys_school,Section_7.1.player.schools_stem_oriented_school,Section_7.1.player.track_decision,Section_7.1.player.experience,Section_7.1.player.preferred_second_survey,Section_7.1.group.id_in_subsession,Section_7.1.subsession.round_number,pg_discounting3.1.player.id_in_group,pg_discounting3.1.player.role,pg_discounting3.1.player.payoff,pg_discounting3.1.player.ps_token_value,pg_discounting3.1.player.token_value,pg_discounting3.1.player.spending,pg_discounting3.1.player.results_clicked,pg_discounting3.1.player.potential_payoff,pg_discounting3.1.group.id_in_subsession,pg_discounting3.1.group.ps_num_moves_made,pg_discounting3.1.group.ps_num_tokens_spent,pg_discounting3.1.group.num_moves_made,pg_discounting3.1.group.num_tokens_spent,pg_discounting3.1.group.current_period,pg_discounting3.1.group.stopped,pg_discounting3.1.subsession.round_number,pg_discounting3.1.subsession.L,pg_discounting3.1.subsession.K,pg_discounting3.1.subsession.public_goods_value,pg_discounting3.1.subsession.tokens_needed,pg_discounting3.1.subsession.num_paid_rounds,pg_discounting3.1.subsession.stopping_probability,pg_discounting3.1.subsession.period_batch_size,pg_discounting3.1.subsession.final_period,pg_discounting3.1.subsession.paid_period,pg_discounting3.2.player.id_in_group,pg_discounting3.2.player.role,pg_discounting3.2.player.payoff,pg_discounting3.2.player.ps_token_value,pg_discounting3.2.player.token_value,pg_discounting3.2.player.spending,pg_discounting3.2.player.results_clicked,pg_discounting3.2.player.potential_payoff,pg_discounting3.2.group.id_in_subsession,pg_discounting3.2.group.ps_num_moves_made,pg_discounting3.2.group.ps_num_tokens_spent,pg_discounting3.2.group.num_moves_made,pg_discounting3.2.group.num_tokens_spent,pg_discounting3.2.group.current_period,pg_discounting3.2.group.stopped,pg_discounting3.2.subsession.round_number,pg_discounting3.2.subsession.L,pg_discounting3.2.subsession.K,pg_discounting3.2.subsession.public_goods_value,pg_discounting3.2.subsession.tokens_needed,pg_discounting3.2.subsession.num_paid_rounds,pg_discounting3.2.subsession.stopping_probability,pg_discounting3.2.subsession.period_batch_size,pg_discounting3.2.subsession.final_period,pg_discounting3.2.subsession.paid_period,pg_discounting3.3.player.id_in_group,pg_discounting3.3.player.role,pg_discounting3.3.player.payoff,pg_discounting3.3.player.ps_token_value,pg_discounting3.3.player.token_value,pg_discounting3.3.player.spending,pg_discounting3.3.player.results_clicked,pg_discounting3.3.player.potential_payoff,pg_discounting3.3.group.id_in_subsession,pg_discounting3.3.group.ps_num_moves_made,pg_discounting3.3.group.ps_num_tokens_spent,pg_discounting3.3.group.num_moves_made,pg_discounting3.3.group.num_tokens_spent,pg_discounting3.3.group.current_period,pg_discounting3.3.group.stopped,pg_discounting3.3.subsession.round_number,pg_discounting3.3.subsession.L,pg_discounting3.3.subsession.K,pg_discounting3.3.subsession.public_goods_value,pg_discounting3.3.subsession.tokens_needed,pg_discounting3.3.subsession.num_paid_rounds,pg_discounting3.3.subsession.stopping_probability,pg_discounting3.3.subsession.period_batch_size,pg_discounting3.3.subsession.final_period,pg_discounting3.3.subsession.paid_period,pg_discounting3.4.player.id_in_group,pg_discounting3.4.player.role,pg_discounting3.4.player.payoff,pg_discounting3.4.player.ps_token_value,pg_discounting3.4.player.token_value,pg_discounting3.4.player.spending,pg_discounting3.4.player.results_clicked,pg_discounting3.4.player.potential_payoff,pg_discounting3.4.group.id_in_subsession,pg_discounting3.4.group.ps_num_moves_made,pg_discounting3.4.group.ps_num_tokens_spent,pg_discounting3.4.group.num_moves_made,pg_discounting3.4.group.num_tokens_spent,pg_discounting3.4.group.current_period,pg_discounting3.4.group.stopped,pg_discounting3.4.subsession.round_number,pg_discounting3.4.subsession.L,pg_discounting3.4.subsession.K,pg_discounting3.4.subsession.public_goods_value,pg_discounting3.4.subsession.tokens_needed,pg_discounting3.4.subsession.num_paid_rounds,pg_discounting3.4.subsession.stopping_probability,pg_discounting3.4.subsession.period_batch_size,pg_discounting3.4.subsession.final_period,pg_discounting3.4.subsession.paid_period,pg_discounting3.5.player.id_in_group,pg_discounting3.5.player.role,pg_discounting3.5.player.payoff,pg_discounting3.5.player.ps_token_value,pg_discounting3.5.player.token_value,pg_discounting3.5.player.spending,pg_discounting3.5.player.results_clicked,pg_discounting3.5.player.potential_payoff,pg_discounting3.5.group.id_in_subsession,pg_discounting3.5.group.ps_num_moves_made,pg_discounting3.5.group.ps_num_tokens_spent,pg_discounting3.5.group.num_moves_made,pg_discounting3.5.group.num_tokens_spent,pg_discounting3.5.group.current_period,pg_discounting3.5.group.stopped,pg_discounting3.5.subsession.round_number,pg_discounting3.5.subsession.L,pg_discounting3.5.subsession.K,pg_discounting3.5.subsession.public_goods_value,pg_discounting3.5.subsession.tokens_needed,pg_discounting3.5.subsession.num_paid_rounds,pg_discounting3.5.subsession.stopping_probability,pg_discounting3.5.subsession.period_batch_size,pg_discounting3.5.subsession.final_period,pg_discounting3.5.subsession.paid_period,pg_discounting3.6.player.id_in_group,pg_discounting3.6.player.role,pg_discounting3.6.player.payoff,pg_discounting3.6.player.ps_token_value,pg_discounting3.6.player.token_value,pg_discounting3.6.player.spending,pg_discounting3.6.player.results_clicked,pg_discounting3.6.player.potential_payoff,pg_discounting3.6.group.id_in_subsession,pg_discounting3.6.group.ps_num_moves_made,pg_discounting3.6.group.ps_num_tokens_spent,pg_discounting3.6.group.num_moves_made,pg_discounting3.6.group.num_tokens_spent,pg_discounting3.6.group.current_period,pg_discounting3.6.group.stopped,pg_discounting3.6.subsession.round_number,pg_discounting3.6.subsession.L,pg_discounting3.6.subsession.K,pg_discounting3.6.subsession.public_goods_value,pg_discounting3.6.subsession.tokens_needed,pg_discounting3.6.subsession.num_paid_rounds,pg_discounting3.6.subsession.stopping_probability,pg_discounting3.6.subsession.period_batch_size,pg_discounting3.6.subsession.final_period,pg_discounting3.6.subsession.paid_period,pg_discounting3.7.player.id_in_group,pg_discounting3.7.player.role,pg_discounting3.7.player.payoff,pg_discounting3.7.player.ps_token_value,pg_discounting3.7.player.token_value,pg_discounting3.7.player.spending,pg_discounting3.7.player.results_clicked,pg_discounting3.7.player.potential_payoff,pg_discounting3.7.group.id_in_subsession,pg_discounting3.7.group.ps_num_moves_made,pg_discounting3.7.group.ps_num_tokens_spent,pg_discounting3.7.group.num_moves_made,pg_discounting3.7.group.num_tokens_spent,pg_discounting3.7.group.current_period,pg_discounting3.7.group.stopped,pg_discounting3.7.subsession.round_number,pg_discounting3.7.subsession.L,pg_discounting3.7.subsession.K,pg_discounting3.7.subsession.public_goods_value,pg_discounting3.7.subsession.tokens_needed,pg_discounting3.7.subsession.num_paid_rounds,pg_discounting3.7.subsession.stopping_probability,pg_discounting3.7.subsession.period_batch_size,pg_discounting3.7.subsession.final_period,pg_discounting3.7.subsession.paid_period,pg_discounting3.8.player.id_in_group,pg_discounting3.8.player.role,pg_discounting3.8.player.payoff,pg_discounting3.8.player.ps_token_value,pg_discounting3.8.player.token_value,pg_discounting3.8.player.spending,pg_discounting3.8.player.results_clicked,pg_discounting3.8.player.potential_payoff,pg_discounting3.8.group.id_in_subsession,pg_discounting3.8.group.ps_num_moves_made,pg_discounting3.8.group.ps_num_tokens_spent,pg_discounting3.8.group.num_moves_made,pg_discounting3.8.group.num_tokens_spent,pg_discounting3.8.group.current_period,pg_discounting3.8.group.stopped,pg_discounting3.8.subsession.round_number,pg_discounting3.8.subsession.L,pg_discounting3.8.subsession.K,pg_discounting3.8.subsession.public_goods_value,pg_discounting3.8.subsession.tokens_needed,pg_discounting3.8.subsession.num_paid_rounds,pg_discounting3.8.subsession.stopping_probability,pg_discounting3.8.subsession.period_batch_size,pg_discounting3.8.subsession.final_period,pg_discounting3.8.subsession.paid_period,pg_discounting3.9.player.id_in_group,pg_discounting3.9.player.role,pg_discounting3.9.player.payoff,pg_discounting3.9.player.ps_token_value,pg_discounting3.9.player.token_value,pg_discounting3.9.player.spending,pg_discounting3.9.player.results_clicked,pg_discounting3.9.player.potential_payoff,pg_discounting3.9.group.id_in_subsession,pg_discounting3.9.group.ps_num_moves_made,pg_discounting3.9.group.ps_num_tokens_spent,pg_discounting3.9.group.num_moves_made,pg_discounting3.9.group.num_tokens_spent,pg_discounting3.9.group.current_period,pg_discounting3.9.group.stopped,pg_discounting3.9.subsession.round_number,pg_discounting3.9.subsession.L,pg_discounting3.9.subsession.K,pg_discounting3.9.subsession.public_goods_value,pg_discounting3.9.subsession.tokens_needed,pg_discounting3.9.subsession.num_paid_rounds,pg_discounting3.9.subsession.stopping_probability,pg_discounting3.9.subsession.period_batch_size,pg_discounting3.9.subsession.final_period,pg_discounting3.9.subsession.paid_period,pg_discounting3.10.player.id_in_group,pg_discounting3.10.player.role,pg_discounting3.10.player.payoff,pg_discounting3.10.player.ps_token_value,pg_discounting3.10.player.token_value,pg_discounting3.10.player.spending,pg_discounting3.10.player.results_clicked,pg_discounting3.10.player.potential_payoff,pg_discounting3.10.group.id_in_subsession,pg_discounting3.10.group.ps_num_moves_made,pg_discounting3.10.group.ps_num_tokens_spent,pg_discounting3.10.group.num_moves_made,pg_discounting3.10.group.num_tokens_spent,pg_discounting3.10.group.current_period,pg_discounting3.10.group.stopped,pg_discounting3.10.subsession.round_number,pg_discounting3.10.subsession.L,pg_discounting3.10.subsession.K,pg_discounting3.10.subsession.public_goods_value,pg_discounting3.10.subsession.tokens_needed,pg_discounting3.10.subsession.num_paid_rounds,pg_discounting3.10.subsession.stopping_probability,pg_discounting3.10.subsession.period_batch_size,pg_discounting3.10.subsession.final_period,pg_discounting3.10.subsession.paid_period,prisoner.1.player.id_in_group,prisoner.1.player.role,prisoner.1.player.payoff,prisoner.1.player.bonus_random_draw,prisoner.1.player.chosen_for_bonus,prisoner.1.player.communicator,prisoner.1.player.communication,prisoner.1.player.choice,prisoner.1.player.potential_payoff,prisoner.1.player.kick_reason,prisoner.1.group.id_in_subsession,prisoner.1.subsession.round_number,prisoner.1.subsession.treatment,prisoner.1.subsession.payoff_a,prisoner.1.subsession.payoff_b,prisoner.1.subsession.payoff_c,prisoner.1.subsession.payoff_d,prisoner.1.subsession.payoff_w,prisoner.1.subsession.payoff_x,prisoner.1.subsession.payoff_y,prisoner.1.subsession.payoff_z,prisoner.1.subsession.round_chosen_for_payment,prisoner.1.subsession.return_link,prisoner.2.player.id_in_group,prisoner.2.player.role,prisoner.2.player.payoff,prisoner.2.player.bonus_random_draw,prisoner.2.player.chosen_for_bonus,prisoner.2.player.communicator,prisoner.2.player.communication,prisoner.2.player.choice,prisoner.2.player.potential_payoff,prisoner.2.player.kick_reason,prisoner.2.group.id_in_subsession,prisoner.2.subsession.round_number,prisoner.2.subsession.treatment,prisoner.2.subsession.payoff_a,prisoner.2.subsession.payoff_b,prisoner.2.subsession.payoff_c,prisoner.2.subsession.payoff_d,prisoner.2.subsession.payoff_w,prisoner.2.subsession.payoff_x,prisoner.2.subsession.payoff_y,prisoner.2.subsession.payoff_z,prisoner.2.subsession.round_chosen_for_payment,prisoner.2.subsession.return_link,prisoner.3.player.id_in_group,prisoner.3.player.role,prisoner.3.player.payoff,prisoner.3.player.bonus_random_draw,prisoner.3.player.chosen_for_bonus,prisoner.3.player.communicator,prisoner.3.player.communication,prisoner.3.player.choice,prisoner.3.player.potential_payoff,prisoner.3.player.kick_reason,prisoner.3.group.id_in_subsession,prisoner.3.subsession.round_number,prisoner.3.subsession.treatment,prisoner.3.subsession.payoff_a,prisoner.3.subsession.payoff_b,prisoner.3.subsession.payoff_c,prisoner.3.subsession.payoff_d,prisoner.3.subsession.payoff_w,prisoner.3.subsession.payoff_x,prisoner.3.subsession.payoff_y,prisoner.3.subsession.payoff_z,prisoner.3.subsession.round_chosen_for_payment,prisoner.3.subsession.return_link,prisoner.4.player.id_in_group,prisoner.4.player.role,prisoner.4.player.payoff,prisoner.4.player.bonus_random_draw,prisoner.4.player.chosen_for_bonus,prisoner.4.player.communicator,prisoner.4.player.communication,prisoner.4.player.choice,prisoner.4.player.potential_payoff,prisoner.4.player.kick_reason,prisoner.4.group.id_in_subsession,prisoner.4.subsession.round_number,prisoner.4.subsession.treatment,prisoner.4.subsession.payoff_a,prisoner.4.subsession.payoff_b,prisoner.4.subsession.payoff_c,prisoner.4.subsession.payoff_d,prisoner.4.subsession.payoff_w,prisoner.4.subsession.payoff_x,prisoner.4.subsession.payoff_y,prisoner.4.subsession.payoff_z,prisoner.4.subsession.round_chosen_for_payment,prisoner.4.subsession.return_link,prisoner.5.player.id_in_group,prisoner.5.player.role,prisoner.5.player.payoff,prisoner.5.player.bonus_random_draw,prisoner.5.player.chosen_for_bonus,prisoner.5.player.communicator,prisoner.5.player.communication,prisoner.5.player.choice,prisoner.5.player.potential_payoff,prisoner.5.player.kick_reason,prisoner.5.group.id_in_subsession,prisoner.5.subsession.round_number,prisoner.5.subsession.treatment,prisoner.5.subsession.payoff_a,prisoner.5.subsession.payoff_b,prisoner.5.subsession.payoff_c,prisoner.5.subsession.payoff_d,prisoner.5.subsession.payoff_w,prisoner.5.subsession.payoff_x,prisoner.5.subsession.payoff_y,prisoner.5.subsession.payoff_z,prisoner.5.subsession.round_chosen_for_payment,prisoner.5.subsession.return_link,prisoner.6.player.id_in_group,prisoner.6.player.role,prisoner.6.player.payoff,prisoner.6.player.bonus_random_draw,prisoner.6.player.chosen_for_bonus,prisoner.6.player.communicator,prisoner.6.player.communication,prisoner.6.player.choice,prisoner.6.player.potential_payoff,prisoner.6.player.kick_reason,prisoner.6.group.id_in_subsession,prisoner.6.subsession.round_number,prisoner.6.subsession.treatment,prisoner.6.subsession.payoff_a,prisoner.6.subsession.payoff_b,prisoner.6.subsession.payoff_c,prisoner.6.subsession.payoff_d,prisoner.6.subsession.payoff_w,prisoner.6.subsession.payoff_x,prisoner.6.subsession.payoff_y,prisoner.6.subsession.payoff_z,prisoner.6.subsession.round_chosen_for_payment,prisoner.6.subsession.return_link,prisoner.7.player.id_in_group,prisoner.7.player.role,prisoner.7.player.payoff,prisoner.7.player.bonus_random_draw,prisoner.7.player.chosen_for_bonus,prisoner.7.player.communicator,prisoner.7.player.communication,prisoner.7.player.choice,prisoner.7.player.potential_payoff,prisoner.7.player.kick_reason,prisoner.7.group.id_in_subsession,prisoner.7.subsession.round_number,prisoner.7.subsession.treatment,prisoner.7.subsession.payoff_a,prisoner.7.subsession.payoff_b,prisoner.7.subsession.payoff_c,prisoner.7.subsession.payoff_d,prisoner.7.subsession.payoff_w,prisoner.7.subsession.payoff_x,prisoner.7.subsession.payoff_y,prisoner.7.subsession.payoff_z,prisoner.7.subsession.round_chosen_for_payment,prisoner.7.subsession.return_link,prisoner.8.player.id_in_group,prisoner.8.player.role,prisoner.8.player.payoff,prisoner.8.player.bonus_random_draw,prisoner.8.player.chosen_for_bonus,prisoner.8.player.communicator,prisoner.8.player.communication,prisoner.8.player.choice,prisoner.8.player.potential_payoff,prisoner.8.player.kick_reason,prisoner.8.group.id_in_subsession,prisoner.8.subsession.round_number,prisoner.8.subsession.treatment,prisoner.8.subsession.payoff_a,prisoner.8.subsession.payoff_b,prisoner.8.subsession.payoff_c,prisoner.8.subsession.payoff_d,prisoner.8.subsession.payoff_w,prisoner.8.subsession.payoff_x,prisoner.8.subsession.payoff_y,prisoner.8.subsession.payoff_z,prisoner.8.subsession.round_chosen_for_payment,prisoner.8.subsession.return_link,prisoner.9.player.id_in_group,prisoner.9.player.role,prisoner.9.player.payoff,prisoner.9.player.bonus_random_draw,prisoner.9.player.chosen_for_bonus,prisoner.9.player.communicator,prisoner.9.player.communication,prisoner.9.player.choice,prisoner.9.player.potential_payoff,prisoner.9.player.kick_reason,prisoner.9.group.id_in_subsession,prisoner.9.subsession.round_number,prisoner.9.subsession.treatment,prisoner.9.subsession.payoff_a,prisoner.9.subsession.payoff_b,prisoner.9.subsession.payoff_c,prisoner.9.subsession.payoff_d,prisoner.9.subsession.payoff_w,prisoner.9.subsession.payoff_x,prisoner.9.subsession.payoff_y,prisoner.9.subsession.payoff_z,prisoner.9.subsession.round_chosen_for_payment,prisoner.9.subsession.return_link,prisoner.10.player.id_in_group,prisoner.10.player.role,prisoner.10.player.payoff,prisoner.10.player.bonus_random_draw,prisoner.10.player.chosen_for_bonus,prisoner.10.player.communicator,prisoner.10.player.communication,prisoner.10.player.choice,prisoner.10.player.potential_payoff,prisoner.10.player.kick_reason,prisoner.10.group.id_in_subsession,prisoner.10.subsession.round_number,prisoner.10.subsession.treatment,prisoner.10.subsession.payoff_a,prisoner.10.subsession.payoff_b,prisoner.10.subsession.payoff_c,prisoner.10.subsession.payoff_d,prisoner.10.subsession.payoff_w,prisoner.10.subsession.payoff_x,prisoner.10.subsession.payoff_y,prisoner.10.subsession.payoff_z,prisoner.10.subsession.round_chosen_for_payment,prisoner.10.subsession.return_link,prisoner.11.player.id_in_group,prisoner.11.player.role,prisoner.11.player.payoff,prisoner.11.player.bonus_random_draw,prisoner.11.player.chosen_for_bonus,prisoner.11.player.communicator,prisoner.11.player.communication,prisoner.11.player.choice,prisoner.11.player.potential_payoff,prisoner.11.player.kick_reason,prisoner.11.group.id_in_subsession,prisoner.11.subsession.round_number,prisoner.11.subsession.treatment,prisoner.11.subsession.payoff_a,prisoner.11.subsession.payoff_b,prisoner.11.subsession.payoff_c,prisoner.11.subsession.payoff_d,prisoner.11.subsession.payoff_w,prisoner.11.subsession.payoff_x,prisoner.11.subsession.payoff_y,prisoner.11.subsession.payoff_z,prisoner.11.subsession.round_chosen_for_payment,prisoner.11.subsession.return_link,prisoner.12.player.id_in_group,prisoner.12.player.role,prisoner.12.player.payoff,prisoner.12.player.bonus_random_draw,prisoner.12.player.chosen_for_bonus,prisoner.12.player.communicator,prisoner.12.player.communication,prisoner.12.player.choice,prisoner.12.player.potential_payoff,prisoner.12.player.kick_reason,prisoner.12.group.id_in_subsession,prisoner.12.subsession.round_number,prisoner.12.subsession.treatment,prisoner.12.subsession.payoff_a,prisoner.12.subsession.payoff_b,prisoner.12.subsession.payoff_c,prisoner.12.subsession.payoff_d,prisoner.12.subsession.payoff_w,prisoner.12.subsession.payoff_x,prisoner.12.subsession.payoff_y,prisoner.12.subsession.payoff_z,prisoner.12.subsession.round_chosen_for_payment,prisoner.12.subsession.return_link,prisoner.13.player.id_in_group,prisoner.13.player.role,prisoner.13.player.payoff,prisoner.13.player.bonus_random_draw,prisoner.13.player.chosen_for_bonus,prisoner.13.player.communicator,prisoner.13.player.communication,prisoner.13.player.choice,prisoner.13.player.potential_payoff,prisoner.13.player.kick_reason,prisoner.13.group.id_in_subsession,prisoner.13.subsession.round_number,prisoner.13.subsession.treatment,prisoner.13.subsession.payoff_a,prisoner.13.subsession.payoff_b,prisoner.13.subsession.payoff_c,prisoner.13.subsession.payoff_d,prisoner.13.subsession.payoff_w,prisoner.13.subsession.payoff_x,prisoner.13.subsession.payoff_y,prisoner.13.subsession.payoff_z,prisoner.13.subsession.round_chosen_for_payment,prisoner.13.subsession.return_link,prisoner.14.player.id_in_group,prisoner.14.player.role,prisoner.14.player.payoff,prisoner.14.player.bonus_random_draw,prisoner.14.player.chosen_for_bonus,prisoner.14.player.communicator,prisoner.14.player.communication,prisoner.14.player.choice,prisoner.14.player.potential_payoff,prisoner.14.player.kick_reason,prisoner.14.group.id_in_subsession,prisoner.14.subsession.round_number,prisoner.14.subsession.treatment,prisoner.14.subsession.payoff_a,prisoner.14.subsession.payoff_b,prisoner.14.subsession.payoff_c,prisoner.14.subsession.payoff_d,prisoner.14.subsession.payoff_w,prisoner.14.subsession.payoff_x,prisoner.14.subsession.payoff_y,prisoner.14.subsession.payoff_z,prisoner.14.subsession.round_chosen_for_payment,prisoner.14.subsession.return_link,prisoner.15.player.id_in_group,prisoner.15.player.role,prisoner.15.player.payoff,prisoner.15.player.bonus_random_draw,prisoner.15.player.chosen_for_bonus,prisoner.15.player.communicator,prisoner.15.player.communication,prisoner.15.player.choice,prisoner.15.player.potential_payoff,prisoner.15.player.kick_reason,prisoner.15.group.id_in_subsession,prisoner.15.subsession.round_number,prisoner.15.subsession.treatment,prisoner.15.subsession.payoff_a,prisoner.15.subsession.payoff_b,prisoner.15.subsession.payoff_c,prisoner.15.subsession.payoff_d,prisoner.15.subsession.payoff_w,prisoner.15.subsession.payoff_x,prisoner.15.subsession.payoff_y,prisoner.15.subsession.payoff_z,prisoner.15.subsession.round_chosen_for_payment,prisoner.15.subsession.return_link,prisoner_instructions.1.player.id_in_group,prisoner_instructions.1.player.role,prisoner_instructions.1.player.payoff,prisoner_instructions.1.player.consent,prisoner_instructions.1.player.prolific_id,prisoner_instructions.1.player.is_mobile,prisoner_instructions.1.player.user_agent,prisoner_instructions.1.group.id_in_subsession,prisoner_instructions.1.subsession.round_number,prisoner_instructions.1.subsession.treatment,prisoner_instructions.1.subsession.payoff_a,prisoner_instructions.1.subsession.payoff_b,prisoner_instructions.1.subsession.payoff_c,prisoner_instructions.1.subsession.payoff_d,prisoner_instructions.1.subsession.payoff_w,prisoner_instructions.1.subsession.payoff_x,prisoner_instructions.1.subsession.payoff_y,prisoner_instructions.1.subsession.payoff_z,prisoner_instructions.1.subsession.start_time_string,prisoner_instructions.1.subsession.session_length_minutes,Submission id,Participant id,Status,Custom study tncs accepted at,Started at,Completed at,Reviewed at,Archived at,Time taken,Completion code,Total approvals,Ethnicity,Highest education level completed,Age,Sex,Ethnicity simplified,Country of birth,Country of residence,Nationality,Language,Student status,Employment status
4,wjmcylf8,,0,18,18,Section_7,EndSurvey,2024-09-17 20:31:14.740496,1,,,0.0,,,,,,,,,,,,,,truywt5k,,,,,0,0.0,https://app.prolific.com/submissions/complete?cc=C1BTHULB,5.0,Quiz,4,,0.0,66406fd262a847c71db3f825,1,1,4,,0.0,B,C,A,B,D,B,C,C,D,B,,,0.0,0.0,1,1,4,,0.0,noisy,random,positive,,Fail,red,10.0,2.0,3.0,Fail Box,1,1,4,,0.0,D,B,A,C,B,D,A,B,C,D,,,Non-STEM Track,,0.0,0.0,3.0,1,1,4,,0.0,R,R,R,R,R,C,C,C,C,C,C,,1,1,4,,0.0,0,0,0,0,0,0,0,0,0,False,False,Non-STEM Track,1,1,,,,,,,,,,,,,,,,,,,,,,,,,,,,,,,,,,,,,,,,,,,,,,,,,,,,,,,,,,,,,,,,,,,,,,,,,,,,,,,,,,,,,,,,,,,,,,,,,,,,,,,,,,,,,,,,,,,,,,,,,,,,,,,,,,,,,,,,,,,,,,,,,,,,,,,,,,,,,,,,,,,,,,,,,,,,,,,,,,,,,,,,,,,,,,,,,,,,,,,,,,,,,,,,,,,,,,,,,,,,,,,,,,,,,,,,,,,,,,,,,,,,,,,,,,,,,,,,,,,,,,,,,,,,,,,,,,,,,,,,,,,,,,,,,,,,,,,,,,,,,,,,,,,,,,,,,,,,,,,,,,,,,,,,,,,,,,,,,,,,,,,,,,,,,,,,,,,,,,,,,,,,,,,,,,,,,,,,,,,,,,,,,,,,,,,,,,,,,,,,,,,,,,,,,,,,,,,,,,,,,,,,,,,,,,,,,,,,,,,,,,,,,,,,,,,,,,,,,,,,,,,,,,,,,,,,,,,,,,,,,,,,,,,,,,,,,,,,,,,,,,,,,,,,,,,,,,,,,,,,,,,,,,,,,,,,,,,,,,,,,,,,,,,,,,,,,,,,,,,,,,,,,,,,,,,,,,,,,,,,,,,,,,,,,,,,,,,,,,,,,,,,,,,,,,,,,,,,66e9e70b0dcc3d4695c490fa,66406fd262a847c71db3f825,APPROVED,Not Applicable,2024-09-17T20:31:11.930000Z,2024-09-17T20:45:33.869000Z,2024-09-17T20:45:38.338000Z,2024-09-17T20:45:35.851903Z,862.0,C1BTHULB,79,White,High school diploma/A-levels,20,Male,White,United States,United States,United States,English,No,Full-Time
5,r7dtofl2,,0,18,18,Section_7,EndSurvey,2024-09-17 20:31:29.504590,1,,,0.0,,,,,,,,,,,,,,truywt5k,,,,,0,0.0,https://app.prolific.com/submissions/complete?cc=C1BTHULB,5.0,Quiz,5,,0.0,5dc11777a4b6ac097d0d5ca5,1,1,5,,0.0,D,A,C,C,B,B,D,B,C,,,,0.0,0.0,1,1,5,,0.0,noisy,random,positive,,Fail,red,50.0,7.0,5.0,Fail Box,1,1,5,,0.0,B,B,C,B,A,D,C,A,B,C,,,STEM Track,,0.0,0.0,5.0,1,1,5,,0.0,R,R,R,R,C,C,C,C,C,C,C,,1,1,5,,0.0,0,0,0,0,0,0,0,0,0,False,False,STEM Track,1,1,,,,,,,,,,,,,,,,,,,,,,,,,,,,,,,,,,,,,,,,,,,,,,,,,,,,,,,,,,,,,,,,,,,,,,,,,,,,,,,,,,,,,,,,,,,,,,,,,,,,,,,,,,,,,,,,,,,,,,,,,,,,,,,,,,,,,,,,,,,,,,,,,,,,,,,,,,,,,,,,,,,,,,,,,,,,,,,,,,,,,,,,,,,,,,,,,,,,,,,,,,,,,,,,,,,,,,,,,,,,,,,,,,,,,,,,,,,,,,,,,,,,,,,,,,,,,,,,,,,,,,,,,,,,,,,,,,,,,,,,,,,,,,,,,,,,,,,,,,,,,,,,,,,,,,,,,,,,,,,,,,,,,,,,,,,,,,,,,,,,,,,,,,,,,,,,,,,,,,,,,,,,,,,,,,,,,,,,,,,,,,,,,,,,,,,,,,,,,,,,,,,,,,,,,,,,,,,,,,,,,,,,,,,,,,,,,,,,,,,,,,,,,,,,,,,,,,,,,,,,,,,,,,,,,,,,,,,,,,,,,,,,,,,,,,,,,,,,,,,,,,,,,,,,,,,,,,,,,,,,,,,,,,,,,,,,,,,,,,,,,,,,,,,,,,,,,,,,,,,,,,,,,,,,,,,,,,,,,,,,,,,,,,,,,,,,,,,,,,,,,,,,,,,,,,,,,,,,66e9e71ad810d2be3dc9e27d,5dc11777a4b6ac097d0d5ca5,APPROVED,Not Applicable,2024-09-17T20:31:27.229000Z,2024-09-17T20:50:33.727000Z,2024-09-17T21:42:03.750000Z,2024-09-17T21:52:56.224268Z,1147.0,C1BTHULB,1705,White,Graduate degree (MA/MSc/MPhil/other),27,Female,White,United States,United States,United States,English,No,DATA_EXPIRED
6,afwxf79r,,0,18,18,Section_7,EndSurvey,2024-09-17 20:31:31.020351,1,,,0.0,,,,,,,,,,,,,,truywt5k,,,,,0,0.0,https://app.prolific.com/submissions/complete?cc=C1BTHULB,5.0,Quiz,6,,0.0,5ff7daa1dd81f74ce4e1810b,1,1,6,,0.0,C,A,A,C,B,B,D,C,D,C,,,0.0,0.0,1,1,6,,0.0,noisy,random,negative,,Fail,red,55.0,5.0,5.0,Fail Box,1,1,6,,0.0,D,B,A,C,B,D,A,B,C,D,,,Non-STEM Track,,0.0,0.0,5.0,1,1,6,,0.0,R,R,R,R,R,C,C,C,C,C,C,,1,1,6,,0.0,0,0,0,0,0,0,0,0,0,False,False,Non-STEM Track,1,1,,,,,,,,,,,,,,,,,,,,,,,,,,,,,,,,,,,,,,,,,,,,,,,,,,,,,,,,,,,,,,,,,,,,,,,,,,,,,,,,,,,,,,,,,,,,,,,,,,,,,,,,,,,,,,,,,,,,,,,,,,,,,,,,,,,,,,,,,,,,,,,,,,,,,,,,,,,,,,,,,,,,,,,,,,,,,,,,,,,,,,,,,,,,,,,,,,,,,,,,,,,,,,,,,,,,,,,,,,,,,,,,,,,,,,,,,,,,,,,,,,,,,,,,,,,,,,,,,,,,,,,,,,,,,,,,,,,,,,,,,,,,,,,,,,,,,,,,,,,,,,,,,,,,,,,,,,,,,,,,,,,,,,,,,,,,,,,,,,,,,,,,,,,,,,,,,,,,,,,,,,,,,,,,,,,,,,,,,,,,,,,,,,,,,,,,,,,,,,,,,,,,,,,,,,,,,,,,,,,,,,,,,,,,,,,,,,,,,,,,,,,,,,,,,,,,,,,,,,,,,,,,,,,,,,,,,,,,,,,,,,,,,,,,,,,,,,,,,,,,,,,,,,,,,,,,,,,,,,,,,,,,,,,,,,,,,,,,,,,,,,,,,,,,,,,,,,,,,,,,,,,,,,,,,,,,,,,,,,,,,,,,,,,,,,,,,,,,,,,,,,,,,,,,,,,,,,,,66e9e71aaae1bd8adeadcbe4,5ff7daa1dd81f74ce4e1810b,APPROVED,Not Applicable,2024-09-17T20:31:26.469000Z,2024-09-17T20:40:43.494000Z,2024-09-17T20:40:45.609000Z,2024-09-17T20:40:45.012965Z,558.0,C1BTHULB,250,Latino/Hispanic,Undergraduate degree (BA/BSc/other),27,Male,White,United States,United States,United States,English,No,Full-Time
9,b5t17x6l,,0,18,18,Section_7,EndSurvey,2024-09-17 20:33:25.776630,1,,,0.0,,,,,,,,,,,,,,truywt5k,,,,,0,0.0,https://app.prolific.com/submissions/complete?cc=C1BTHULB,5.0,Quiz,9,,0.0,66a4619edb5ff0af0062c3b4,1,1,9,,0.0,D,C,C,B,C,B,C,C,C,C,,,3.0,19.661,1,1,9,,0.0,noisy,random,positive,,Fail,red,50.0,5.0,6.0,Pass Box,1,1,9,,0.0,B,C,D,A,A,D,B,A,B,B,,,STEM Track,,0.0,0.0,6.0,1,1,9,,0.0,R,R,R,C,R,C,R,R,R,R,R,,1,1,9,,0.0,0,0,0,0,0,0,0,0,0,False,False,STEM Track,1,1,,,,,,,,,,,,,,,,,,,,,,,,,,,,,,,,,,,,,,,,,,,,,,,,,,,,,,,,,,,,,,,,,,,,,,,,,,,,,,,,,,,,,,,,,,,,,,,,,,,,,,,,,,,,,,,,,,,,,,,,,,,,,,,,,,,,,,,,,,,,,,,,,,,,,,,,,,,,,,,,,,,,,,,,,,,,,,,,,,,,,,,,,,,,,,,,,,,,,,,,,,,,,,,,,,,,,,,,,,,,,,,,,,,,,,,,,,,,,,,,,,,,,,,,,,,,,,,,,,,,,,,,,,,,,,,,,,,,,,,,,,,,,,,,,,,,,,,,,,,,,,,,,,,,,,,,,,,,,,,,,,,,,,,,,,,,,,,,,,,,,,,,,,,,,,,,,,,,,,,,,,,,,,,,,,,,,,,,,,,,,,,,,,,,,,,,,,,,,,,,,,,,,,,,,,,,,,,,,,,,,,,,,,,,,,,,,,,,,,,,,,,,,,,,,,,,,,,,,,,,,,,,,,,,,,,,,,,,,,,,,,,,,,,,,,,,,,,,,,,,,,,,,,,,,,,,,,,,,,,,,,,,,,,,,,,,,,,,,,,,,,,,,,,,,,,,,,,,,,,,,,,,,,,,,,,,,,,,,,,,,,,,,,,,,,,,,,,,,,,,,,,,,,,,,,,,,,,,66e9e78482e14f833b38100a,66a4619edb5ff0af0062c3b4,APPROVED,Not Applicable,2024-09-17T20:33:18.043000Z,2024-09-17T20:53:58.067000Z,2024-09-17T20:54:02.086000Z,2024-09-17T20:53:58.873612Z,1241.0,C1BTHULB,19,Black/African American,Undergraduate degree (BA/BSc/other),33,Female,Black,United States,United States,United States,English,Yes,Full-Time
13,56ak0l8w,,0,18,18,Section_7,EndSurvey,2024-09-17 20:33:45.944270,1,,,0.0,,,,,,,,,,,,,,truywt5k,,,,,0,0.0,https://app.prolific.com/submissions/complete?cc=C1BTHULB,5.0,Quiz,13,,0.0,5d1ea1e069ae560018f60008,1,1,13,,0.0,D,D,A,A,C,B,D,C,A,A,,,0.0,0.0,1,1,13,,0.0,noisy,random,negative,,Fail,red,37.0,4.0,3.0,Fail Box,1,1,13,,0.0,D,B,A,C,B,D,A,B,C,D,,,Non-STEM Track,,0.0,0.0,3.0,1,1,13,,0.0,R,R,R,R,C,C,C,C,C,C,C,,1,1,13,,0.0,0,0,0,0,0,0,0,0,0,False,False,Non-STEM Track,1,1,,,,,,,,,,,,,,,,,,,,,,,,,,,,,,,,,,,,,,,,,,,,,,,,,,,,,,,,,,,,,,,,,,,,,,,,,,,,,,,,,,,,,,,,,,,,,,,,,,,,,,,,,,,,,,,,,,,,,,,,,,,,,,,,,,,,,,,,,,,,,,,,,,,,,,,,,,,,,,,,,,,,,,,,,,,,,,,,,,,,,,,,,,,,,,,,,,,,,,,,,,,,,,,,,,,,,,,,,,,,,,,,,,,,,,,,,,,,,,,,,,,,,,,,,,,,,,,,,,,,,,,,,,,,,,,,,,,,,,,,,,,,,,,,,,,,,,,,,,,,,,,,,,,,,,,,,,,,,,,,,,,,,,,,,,,,,,,,,,,,,,,,,,,,,,,,,,,,,,,,,,,,,,,,,,,,,,,,,,,,,,,,,,,,,,,,,,,,,,,,,,,,,,,,,,,,,,,,,,,,,,,,,,,,,,,,,,,,,,,,,,,,,,,,,,,,,,,,,,,,,,,,,,,,,,,,,,,,,,,,,,,,,,,,,,,,,,,,,,,,,,,,,,,,,,,,,,,,,,,,,,,,,,,,,,,,,,,,,,,,,,,,,,,,,,,,,,,,,,,,,,,,,,,,,,,,,,,,,,,,,,,,,,,,,,,,,,,,,,,,,,,,,,,,,,,,,,,,66e9e7a01c95e270205ce348,5d1ea1e069ae560018f60008,APPROVED,Not Applicable,2024-09-17T20:33:42.441000Z,2024-09-17T20:44:48.421000Z,2024-09-17T20:44:50.951000Z,2024-09-17T20:44:49.093492Z,666.0,C1BTHULB,402,White,Technical/community college,23,Male,White,United States,United States,United States,English,DATA_EXPIRED,DATA_EXPIRED
14,vjb4hm0c,,0,18,18,Section_7,EndSurvey,2024-09-17 20:34:36.954520,1,,,0.0,,,,,,,,,,,,,,truywt5k,,,,,0,0.0,https://app.prolific.com/submissions/complete?cc=C1BTHULB,5.0,Quiz,14,,0.0,5c9e291cb78be40001a90c5a,1,1,14,,0.0,D,C,D,B,A,B,D,B,C,C,,,0.0,0.0,1,1,14,,0.0,noisy,random,negative,,Fail,red,50.0,5.0,5.0,Fail Box,1,1,14,,0.0,D,B,A,C,B,D,A,B,C,D,,,Non-STEM Track,,0.0,0.0,5.0,1,1,14,,0.0,R,R,R,R,C,C,C,C,C,C,C,,1,1,14,,0.0,0,0,0,0,0,0,0,0,0,False,False,Non-STEM Track,1,1,,,,,,,,,,,,,,,,,,,,,,,,,,,,,,,,,,,,,,,,,,,,,,,,,,,,,,,,,,,,,,,,,,,,,,,,,,,,,,,,,,,,,,,,,,,,,,,,,,,,,,,,,,,,,,,,,,,,,,,,,,,,,,,,,,,,,,,,,,,,,,,,,,,,,,,,,,,,,,,,,,,,,,,,,,,,,,,,,,,,,,,,,,,,,,,,,,,,,,,,,,,,,,,,,,,,,,,,,,,,,,,,,,,,,,,,,,,,,,,,,,,,,,,,,,,,,,,,,,,,,,,,,,,,,,,,,,,,,,,,,,,,,,,,,,,,,,,,,,,,,,,,,,,,,,,,,,,,,,,,,,,,,,,,,,,,,,,,,,,,,,,,,,,,,,,,,,,,,,,,,,,,,,,,,,,,,,,,,,,,,,,,,,,,,,,,,,,,,,,,,,,,,,,,,,,,,,,,,,,,,,,,,,,,,,,,,,,,,,,,,,,,,,,,,,,,,,,,,,,,,,,,,,,,,,,,,,,,,,,,,,,,,,,,,,,,,,,,,,,,,,,,,,,,,,,,,,,,,,,,,,,,,,,,,,,,,,,,,,,,,,,,,,,,,,,,,,,,,,,,,,,,,,,,,,,,,,,,,,,,,,,,,,,,,,,,,,,,,,,,,,,,,,,,,,,,,,,,66e9e7d400e6e964a3472710,5c9e291cb78be40001a90c5a,APPROVED,Not Applicable,2024-09-17T20:34:34.833000Z,2024-09-17T20:42:33.266000Z,2024-09-17T20:42:36.205000Z,2024-09-17T20:42:33.905516Z,479.0,C1BTHULB,443,South Asian,Graduate degree (MA/MSc/MPhil/other),40,Female,Asian,United States,United States,United States,English,No,Full-Time
15,o79m1sx9,,0,18,18,Section_7,EndSurvey,2024-09-17 20:34:39.590348,1,,,0.0,,,,,,,,,,,,,,truywt5k,,,,,0,0.0,https://app.prolific.com/submissions/complete?cc=C1BTHULB,5.0,Quiz,15,,0.0,5cf8318919f4a3001a24221e,1,1,15,,0.0,D,A,B,B,B,,D,,,,,,0.0,0.0,1,1,15,,0.0,noisy,random,positive,,Fail,red,60.0,5.0,3.0,Not Sure,1,1,15,,0.0,B,A,C,B,A,D,C,A,C,C,,,STEM Track,,0.0,0.0,3.0,1,1,15,,0.0,R,R,R,R,C,C,C,C,C,C,C,,1,1,15,,0.0,0,0,0,0,0,0,0,0,0,False,False,STEM Track,1,1,,,,,,,,,,,,,,,,,,,,,,,,,,,,,,,,,,,,,,,,,,,,,,,,,,,,,,,,,,,,,,,,,,,,,,,,,,,,,,,,,,,,,,,,,,,,,,,,,,,,,,,,,,,,,,,,,,,,,,,,,,,,,,,,,,,,,,,,,,,,,,,,,,,,,,,,,,,,,,,,,,,,,,,,,,,,,,,,,,,,,,,,,,,,,,,,,,,,,,,,,,,,,,,,,,,,,,,,,,,,,,,,,,,,,,,,,,,,,,,,,,,,,,,,,,,,,,,,,,,,,,,,,,,,,,,,,,,,,,,,,,,,,,,,,,,,,,,,,,,,,,,,,,,,,,,,,,,,,,,,,,,,,,,,,,,,,,,,,,,,,,,,,,,,,,,,,,,,,,,,,,,,,,,,,,,,,,,,,,,,,,,,,,,,,,,,,,,,,,,,,,,,,,,,,,,,,,,,,,,,,,,,,,,,,,,,,,,,,,,,,,,,,,,,,,,,,,,,,,,,,,,,,,,,,,,,,,,,,,,,,,,,,,,,,,,,,,,,,,,,,,,,,,,,,,,,,,,,,,,,,,,,,,,,,,,,,,,,,,,,,,,,,,,,,,,,,,,,,,,,,,,,,,,,,,,,,,,,,,,,,,,,,,,,,,,,,,,,,,,,,,,,,,,,,,,,,,,,66e9e7d3ec064619b07b9b08,5cf8318919f4a3001a24221e,APPROVED,Not Applicable,2024-09-17T20:34:33.918000Z,2024-09-17T21:00:03.531000Z,2024-09-17T21:01:13.167000Z,2024-09-17T21:00:20.906352Z,1530.0,C1BTHULB,2288,Black/African American,Undergraduate degree (BA/BSc/other),34,Female,Black,United States,United States,United States,English,No,Full-Time
18,b418u1aw,,0,18,18,Section_7,EndSurvey,2024-09-17 20:37:24.778070,1,,,0.0,,,,,,,,,,,,,,truywt5k,,,,,0,0.0,https://app.prolific.com/submissions/complete?cc=C1BTHULB,5.0,Quiz,18,,0.0,60fe0507c174a6b07829e608,1,1,18,,0.0,D,A,B,C,C,B,D,B,A,A,,,0.0,0.0,1,1,18,,0.0,noisy,random,negative,,Fail,red,40.0,6.0,4.0,Fail Box,1,1,18,,0.0,D,B,A,C,B,D,A,B,C,D,,,Non-STEM Track,,0.0,0.0,4.0,1,1,18,,0.0,R,R,R,C,C,C,C,C,C,C,C,,1,1,18,,0.0,0,0,0,0,0,0,0,0,0,False,False,Non-STEM Track,1,1,,,,,,,,,,,,,,,,,,,,,,,,,,,,,,,,,,,,,,,,,,,,,,,,,,,,,,,,,,,,,,,,,,,,,,,,,,,,,,,,,,,,,,,,,,,,,,,,,,,,,,,,,,,,,,,,,,,,,,,,,,,,,,,,,,,,,,,,,,,,,,,,,,,,,,,,,,,,,,,,,,,,,,,,,,,,,,,,,,,,,,,,,,,,,,,,,,,,,,,,,,,,,,,,,,,,,,,,,,,,,,,,,,,,,,,,,,,,,,,,,,,,,,,,,,,,,,,,,,,,,,,,,,,,,,,,,,,,,,,,,,,,,,,,,,,,,,,,,,,,,,,,,,,,,,,,,,,,,,,,,,,,,,,,,,,,,,,,,,,,,,,,,,,,,,,,,,,,,,,,,,,,,,,,,,,,,,,,,,,,,,,,,,,,,,,,,,,,,,,,,,,,,,,,,,,,,,,,,,,,,,,,,,,,,,,,,,,,,,,,,,,,,,,,,,,,,,,,,,,,,,,,,,,,,,,,,,,,,,,,,,,,,,,,,,,,,,,,,,,,,,,,,,,,,,,,,,,,,,,,,,,,,,,,,,,,,,,,,,,,,,,,,,,,,,,,,,,,,,,,,,,,,,,,,,,,,,,,,,,,,,,,,,,,,,,,,,,,,,,,,,,,,,,,,,,,,,,,66e9e87c0bbf1620eef8a70d,60fe0507c174a6b07829e608,APPROVED,Not Applicable,2024-09-17T20:37:20.688000Z,2024-09-17T20:59:18.130000Z,2024-09-17T21:01:04.415000Z,2024-09-17T20:59:18.998091Z,1318.0,C1BTHULB,152,White,Undergraduate degree (BA/BSc/other),29,Female,White,United States,United States,United States,English,No,Full-Time
19,bbrzhhpt,,0,18,18,Section_7,EndSurvey,2024-09-17 20:37:26.704844,1,,,0.0,,,,,,,,,,,,,,truywt5k,,,,,0,0.0,https://app.prolific.com/submissions/complete?cc=C1BTHULB,5.0,Quiz,19,,0.0,650dc8bdbbbc9672321e9b45,1,1,19,,0.0,B,A,D,C,C,B,A,D,C,D,,,0.0,0.0,1,1,19,,0.0,noisy,random,positive,,Fail,red,60.0,3.0,5.0,Pass Box,1,1,19,,0.0,D,B,A,C,B,D,A,B,C,D,,,Non-STEM Track,,0.0,0.0,5.0,1,1,19,,0.0,R,R,R,R,R,C,C,C,C,C,C,,1,1,19,,0.0,0,0,0,0,0,0,0,0,0,False,False,Non-STEM Track,1,1,,,,,,,,,,,,,,,,,,,,,,,,,,,,,,,,,,,,,,,,,,,,,,,,,,,,,,,,,,,,,,,,,,,,,,,,,,,,,,,,,,,,,,,,,,,,,,,,,,,,,,,,,,,,,,,,,,,,,,,,,,,,,,,,,,,,,,,,,,,,,,,,,,,,,,,,,,,,,,,,,,,,,,,,,,,,,,,,,,,,,,,,,,,,,,,,,,,,,,,,,,,,,,,,,,,,,,,,,,,,,,,,,,,,,,,,,,,,,,,,,,,,,,,,,,,,,,,,,,,,,,,,,,,,,,,,,,,,,,,,,,,,,,,,,,,,,,,,,,,,,,,,,,,,,,,,,,,,,,,,,,,,,,,,,,,,,,,,,,,,,,,,,,,,,,,,,,,,,,,,,,,,,,,,,,,,,,,,,,,,,,,,,,,,,,,,,,,,,,,,,,,,,,,,,,,,,,,,,,,,,,,,,,,,,,,,,,,,,,,,,,,,,,,,,,,,,,,,,,,,,,,,,,,,,,,,,,,,,,,,,,,,,,,,,,,,,,,,,,,,,,,,,,,,,,,,,,,,,,,,,,,,,,,,,,,,,,,,,,,,,,,,,,,,,,,,,,,,,,,,,,,,,,,,,,,,,,,,,,,,,,,,,,,,,,,,,,,,,,,,,,,,,,,,,,,,,,,,66e9e87d5865ce1cac1ef25a,650dc8bdbbbc9672321e9b45,APPROVED,Not Applicable,2024-09-17T20:37:23.586000Z,2024-09-17T20:44:51.598000Z,2024-09-17T21:42:04.327000Z,2024-09-17T20:44:52.397887Z,449.0,C1BTHULB,389,White,Technical/community college,28,Female,White,United States,United States,United States,English,Yes,Part-Time
20,y2tmwt26,,0,18,18,Section_7,EndSurvey,2024-09-17 20:37:39.196594,1,,,0.0,,,,,,,,,,,,,,truywt5k,,,,,0,0.0,https://app.prolific.com/submissions/complete?cc=C1BTHULB,5.0,Quiz,20,,0.0,6137ac01b8ff9b79e14eded1,1,1,20,,0.0,D,A,A,B,B,C,D,C,B,A,,,0.0,0.0,1,1,20,,0.0,noisy,random,ground,,Fail,red,60.0,5.0,5.0,Fail Box,1,1,20,,0.0,B,A,C,A,A,D,C,B,B,A,,,STEM Track,,0.0,0.0,5.0,1,1,20,,0.0,R,R,R,R,C,C,C,C,C,C,C,,1,1,20,,0.0,0,0,0,0,0,0,0,0,0,False,False,STEM Track,1,1,,,,,,,,,,,,,,,,,,,,,,,,,,,,,,,,,,,,,,,,,,,,,,,,,,,,,,,,,,,,,,,,,,,,,,,,,,,,,,,,,,,,,,,,,,,,,,,,,,,,,,,,,,,,,,,,,,,,,,,,,,,,,,,,,,,,,,,,,,,,,,,,,,,,,,,,,,,,,,,,,,,,,,,,,,,,,,,,,,,,,,,,,,,,,,,,,,,,,,,,,,,,,,,,,,,,,,,,,,,,,,,,,,,,,,,,,,,,,,,,,,,,,,,,,,,,,,,,,,,,,,,,,,,,,,,,,,,,,,,,,,,,,,,,,,,,,,,,,,,,,,,,,,,,,,,,,,,,,,,,,,,,,,,,,,,,,,,,,,,,,,,,,,,,,,,,,,,,,,,,,,,,,,,,,,,,,,,,,,,,,,,,,,,,,,,,,,,,,,,,,,,,,,,,,,,,,,,,,,,,,,,,,,,,,,,,,,,,,,,,,,,,,,,,,,,,,,,,,,,,,,,,,,,,,,,,,,,,,,,,,,,,,,,,,,,,,,,,,,,,,,,,,,,,,,,,,,,,,,,,,,,,,,,,,,,,,,,,,,,,,,,,,,,,,,,,,,,,,,,,,,,,,,,,,,,,,,,,,,,,,,,,,,,,,,,,,,,,,,,,,,,,,,,,,,,,,,,,66e9e88d278a9806ebe7ce41,6137ac01b8ff9b79e14eded1,APPROVED,Not Applicable,2024-09-17T20:37:36.356000Z,2024-09-17T20:48:44.601000Z,2024-09-17T20:51:28.018000Z,2024-09-17T20:51:13.883704Z,669.0,C1BTHULB,673,East Asian,Undergraduate degree (BA/BSc/other),30,Male,Asian,United States,United States,Korea,English,DATA_EXPIRED,DATA_EXPIRED
21,lahkncn8,,0,18,18,Section_7,EndSurvey,2024-09-17 20:37:51.077749,1,,,0.0,,,,,,,,,,,,,,truywt5k,,,,,0,0.0,https://app.prolific.com/submissions/complete?cc=C1BTHULB,5.0,Quiz,21,,0.0,65d53085794e617217d43942,1,1,21,,0.0,D,A,B,C,D,B,A,C,B,C,,,0.0,0.0,1,1,21,,0.0,noisy,random,positive,,Fail,red,66.0,3.0,5.0,Fail Box,1,1,21,,0.0,D,B,A,C,B,D,A,B,C,C,,,Non-STEM Track,,0.0,0.0,5.0,1,1,21,,0.0,R,R,R,C,C,C,C,C,C,C,C,,1,1,21,,0.0,0,0,0,0,0,0,0,0,0,False,False,Non-STEM Track,1,1,,,,,,,,,,,,,,,,,,,,,,,,,,,,,,,,,,,,,,,,,,,,,,,,,,,,,,,,,,,,,,,,,,,,,,,,,,,,,,,,,,,,,,,,,,,,,,,,,,,,,,,,,,,,,,,,,,,,,,,,,,,,,,,,,,,,,,,,,,,,,,,,,,,,,,,,,,,,,,,,,,,,,,,,,,,,,,,,,,,,,,,,,,,,,,,,,,,,,,,,,,,,,,,,,,,,,,,,,,,,,,,,,,,,,,,,,,,,,,,,,,,,,,,,,,,,,,,,,,,,,,,,,,,,,,,,,,,,,,,,,,,,,,,,,,,,,,,,,,,,,,,,,,,,,,,,,,,,,,,,,,,,,,,,,,,,,,,,,,,,,,,,,,,,,,,,,,,,,,,,,,,,,,,,,,,,,,,,,,,,,,,,,,,,,,,,,,,,,,,,,,,,,,,,,,,,,,,,,,,,,,,,,,,,,,,,,,,,,,,,,,,,,,,,,,,,,,,,,,,,,,,,,,,,,,,,,,,,,,,,,,,,,,,,,,,,,,,,,,,,,,,,,,,,,,,,,,,,,,,,,,,,,,,,,,,,,,,,,,,,,,,,,,,,,,,,,,,,,,,,,,,,,,,,,,,,,,,,,,,,,,,,,,,,,,,,,,,,,,,,,,,,,,,,,,,,,,,,66e9e896a8b8309e9f0b225b,65d53085794e617217d43942,APPROVED,Not Applicable,2024-09-17T20:37:48.283000Z,2024-09-17T20:49:49.854000Z,2024-09-17T20:51:46.099000Z,2024-09-17T20:51:44.329033Z,722.0,C1BTHULB,1120,Other (please feel free to let us know your ethnicity via email),High school diploma/A-levels,25,Female,Asian,United States,United States,United States,English,No,Other
22,la7ui7dl,,0,18,18,Section_7,EndSurvey,2024-09-17 20:38:36.227035,1,,,0.0,,,,,,,,,,,,,,truywt5k,,,,,0,0.0,https://app.prolific.com/submissions/complete?cc=C1BTHULB,5.0,Quiz,22,,0.0,5d8292847d2c7400173d272f,1,1,22,,0.0,D,B,B,C,B,D,A,C,C,B,,,0.0,0.0,1,1,22,,0.0,noisy,random,negative,,Fail,red,50.0,8.0,8.0,Pass Box,1,1,22,,0.0,D,B,A,C,B,D,A,D,C,D,,,Non-STEM Track,,0.0,0.0,8.0,1,1,22,,0.0,R,R,R,R,R,R,R,R,C,R,R,,1,1,22,,0.0,0,0,0,0,0,0,0,0,0,False,False,Non-STEM Track,1,1,,,,,,,,,,,,,,,,,,,,,,,,,,,,,,,,,,,,,,,,,,,,,,,,,,,,,,,,,,,,,,,,,,,,,,,,,,,,,,,,,,,,,,,,,,,,,,,,,,,,,,,,,,,,,,,,,,,,,,,,,,,,,,,,,,,,,,,,,,,,,,,,,,,,,,,,,,,,,,,,,,,,,,,,,,,,,,,,,,,,,,,,,,,,,,,,,,,,,,,,,,,,,,,,,,,,,,,,,,,,,,,,,,,,,,,,,,,,,,,,,,,,,,,,,,,,,,,,,,,,,,,,,,,,,,,,,,,,,,,,,,,,,,,,,,,,,,,,,,,,,,,,,,,,,,,,,,,,,,,,,,,,,,,,,,,,,,,,,,,,,,,,,,,,,,,,,,,,,,,,,,,,,,,,,,,,,,,,,,,,,,,,,,,,,,,,,,,,,,,,,,,,,,,,,,,,,,,,,,,,,,,,,,,,,,,,,,,,,,,,,,,,,,,,,,,,,,,,,,,,,,,,,,,,,,,,,,,,,,,,,,,,,,,,,,,,,,,,,,,,,,,,,,,,,,,,,,,,,,,,,,,,,,,,,,,,,,,,,,,,,,,,,,,,,,,,,,,,,,,,,,,,,,,,,,,,,,,,,,,,,,,,,,,,,,,,,,,,,,,,,,,,,,,,,,,,,,,,66e9e8ba62c439ab4059a89a,5d8292847d2c7400173d272f,APPROVED,Not Applicable,2024-09-17T20:38:27.699000Z,2024-09-17T20:48:18.787000Z,2024-09-17T20:51:01.758000Z,2024-09-17T20:48:27.559099Z,592.0,C1BTHULB,337,Black/African American,Undergraduate degree (BA/BSc/other),40,Male,Black,United States,United States,United States,English,Yes,Full-Time
23,wacwq3q4,,0,18,18,Section_7,EndSurvey,2024-09-17 20:38:45.937890,1,,,0.0,,,,,,,,,,,,,,truywt5k,,,,,0,0.0,https://app.prolific.com/submissions/complete?cc=C1BTHULB,5.0,Quiz,23,,0.0,66da09c149e081991b0bbbe7,1,1,23,,0.0,A,D,C,C,B,D,A,C,B,D,,,0.0,0.0,1,1,23,,0.0,noisy,random,positive,,Fail,red,70.0,5.0,9.0,Pass Box,1,1,23,,0.0,D,B,A,C,A,D,A,B,C,B,,,Non-STEM Track,,0.0,0.0,9.0,1,1,23,,0.0,R,R,R,R,R,C,C,C,C,C,C,,1,1,23,,0.0,0,0,0,0,0,0,0,0,0,False,False,Non-STEM Track,1,1,,,,,,,,,,,,,,,,,,,,,,,,,,,,,,,,,,,,,,,,,,,,,,,,,,,,,,,,,,,,,,,,,,,,,,,,,,,,,,,,,,,,,,,,,,,,,,,,,,,,,,,,,,,,,,,,,,,,,,,,,,,,,,,,,,,,,,,,,,,,,,,,,,,,,,,,,,,,,,,,,,,,,,,,,,,,,,,,,,,,,,,,,,,,,,,,,,,,,,,,,,,,,,,,,,,,,,,,,,,,,,,,,,,,,,,,,,,,,,,,,,,,,,,,,,,,,,,,,,,,,,,,,,,,,,,,,,,,,,,,,,,,,,,,,,,,,,,,,,,,,,,,,,,,,,,,,,,,,,,,,,,,,,,,,,,,,,,,,,,,,,,,,,,,,,,,,,,,,,,,,,,,,,,,,,,,,,,,,,,,,,,,,,,,,,,,,,,,,,,,,,,,,,,,,,,,,,,,,,,,,,,,,,,,,,,,,,,,,,,,,,,,,,,,,,,,,,,,,,,,,,,,,,,,,,,,,,,,,,,,,,,,,,,,,,,,,,,,,,,,,,,,,,,,,,,,,,,,,,,,,,,,,,,,,,,,,,,,,,,,,,,,,,,,,,,,,,,,,,,,,,,,,,,,,,,,,,,,,,,,,,,,,,,,,,,,,,,,,,,,,,,,,,,,,,,,,,,,66e9e8c30f45a55d075ce756,66da09c149e081991b0bbbe7,APPROVED,Not Applicable,2024-09-17T20:38:41.326000Z,2024-09-17T20:42:17.705000Z,2024-09-17T21:42:04.678000Z,2024-09-17T20:42:18.454773Z,217.0,C1BTHULB,8,Latino/Hispanic,Undergraduate degree (BA/BSc/other),32,Female,Other,United States,United States,United States,English,Yes,DATA_EXPIRED
26,95c5oib4,,0,18,18,Section_7,EndSurvey,2024-09-17 20:39:18.883140,1,,,0.0,,,,,,,,,,,,,,truywt5k,,,,,0,0.0,https://app.prolific.com/submissions/complete?cc=C1BTHULB,5.0,Quiz,26,,0.0,6672173cc06623d0d57ade99,1,1,26,,0.0,B,D,A,C,B,A,C,D,A,B,,,0.0,0.0,1,1,26,,0.0,noisy,random,ground,,Fail,red,30.0,3.0,2.0,Fail Box,1,1,26,,0.0,D,C,A,B,B,D,A,B,C,D,,,Non-STEM Track,,0.0,0.0,2.0,1,1,26,,0.0,R,C,C,C,C,C,C,C,C,C,C,,1,1,26,,0.0,0,0,0,0,0,0,0,0,0,False,False,Non-STEM Track,1,1,,,,,,,,,,,,,,,,,,,,,,,,,,,,,,,,,,,,,,,,,,,,,,,,,,,,,,,,,,,,,,,,,,,,,,,,,,,,,,,,,,,,,,,,,,,,,,,,,,,,,,,,,,,,,,,,,,,,,,,,,,,,,,,,,,,,,,,,,,,,,,,,,,,,,,,,,,,,,,,,,,,,,,,,,,,,,,,,,,,,,,,,,,,,,,,,,,,,,,,,,,,,,,,,,,,,,,,,,,,,,,,,,,,,,,,,,,,,,,,,,,,,,,,,,,,,,,,,,,,,,,,,,,,,,,,,,,,,,,,,,,,,,,,,,,,,,,,,,,,,,,,,,,,,,,,,,,,,,,,,,,,,,,,,,,,,,,,,,,,,,,,,,,,,,,,,,,,,,,,,,,,,,,,,,,,,,,,,,,,,,,,,,,,,,,,,,,,,,,,,,,,,,,,,,,,,,,,,,,,,,,,,,,,,,,,,,,,,,,,,,,,,,,,,,,,,,,,,,,,,,,,,,,,,,,,,,,,,,,,,,,,,,,,,,,,,,,,,,,,,,,,,,,,,,,,,,,,,,,,,,,,,,,,,,,,,,,,,,,,,,,,,,,,,,,,,,,,,,,,,,,,,,,,,,,,,,,,,,,,,,,,,,,,,,,,,,,,,,,,,,,,,,,,,,,,,,,,,66e9e8ec187308909d638981,6672173cc06623d0d57ade99,APPROVED,Not Applicable,2024-09-17T20:39:13.995000Z,2024-09-17T20:50:18.480000Z,2024-09-17T20:52:06.927000Z,2024-09-17T20:52:06.799585Z,665.0,C1BTHULB,442,White,Technical/community college,33,Female,White,United States,United States,United States,English,Yes,Part-Time
28,ud5b7zqw,,0,18,18,Section_7,EndSurvey,2024-09-17 20:39:24.771609,1,,,0.0,,,,,,,,,,,,,,truywt5k,,,,,0,0.0,https://app.prolific.com/submissions/complete?cc=C1BTHULB,5.0,Quiz,28,,0.0,66c3bc9f20697198c71230cc,1,1,28,,0.0,B,B,B,B,B,B,B,B,B,B,,,0.0,0.0,1,1,28,,0.0,noisy,random,positive,,Fail,red,20.0,6.0,8.0,Fail Box,1,1,28,,0.0,B,B,B,B,B,B,B,B,B,B,,,STEM Track,,0.0,0.0,8.0,1,1,28,,0.0,R,R,R,R,R,R,R,C,C,C,C,,1,1,28,,0.0,0,0,0,0,0,0,0,0,0,False,False,STEM Track,1,1,,,,,,,,,,,,,,,,,,,,,,,,,,,,,,,,,,,,,,,,,,,,,,,,,,,,,,,,,,,,,,,,,,,,,,,,,,,,,,,,,,,,,,,,,,,,,,,,,,,,,,,,,,,,,,,,,,,,,,,,,,,,,,,,,,,,,,,,,,,,,,,,,,,,,,,,,,,,,,,,,,,,,,,,,,,,,,,,,,,,,,,,,,,,,,,,,,,,,,,,,,,,,,,,,,,,,,,,,,,,,,,,,,,,,,,,,,,,,,,,,,,,,,,,,,,,,,,,,,,,,,,,,,,,,,,,,,,,,,,,,,,,,,,,,,,,,,,,,,,,,,,,,,,,,,,,,,,,,,,,,,,,,,,,,,,,,,,,,,,,,,,,,,,,,,,,,,,,,,,,,,,,,,,,,,,,,,,,,,,,,,,,,,,,,,,,,,,,,,,,,,,,,,,,,,,,,,,,,,,,,,,,,,,,,,,,,,,,,,,,,,,,,,,,,,,,,,,,,,,,,,,,,,,,,,,,,,,,,,,,,,,,,,,,,,,,,,,,,,,,,,,,,,,,,,,,,,,,,,,,,,,,,,,,,,,,,,,,,,,,,,,,,,,,,,,,,,,,,,,,,,,,,,,,,,,,,,,,,,,,,,,,,,,,,,,,,,,,,,,,,,,,,,,,,,,,,,,,66e9e8ea8d7dc1e0b760ff50,66c3bc9f20697198c71230cc,APPROVED,Not Applicable,2024-09-17T20:39:21.344000Z,2024-09-17T20:52:28.194000Z,2024-09-17T20:52:30.014000Z,2024-09-17T20:52:58.914304Z,787.0,C1BTHULB,6,White,Undergraduate degree (BA/BSc/other),42,Female,White,United States,United States,United States,English,No,Full-Time
30,3ccagyfs,,0,18,18,Section_7,EndSurvey,2024-09-17 20:39:55.115178,1,,,0.0,,,,,,,,,,,,,,truywt5k,,,,,0,0.0,https://app.prolific.com/submissions/complete?cc=C1BTHULB,5.0,Quiz,30,,0.0,62e156c4c63c97683cfccb82,1,1,30,,0.0,B,A,B,C,D,B,D,B,B,A,,,0.0,0.0,1,1,30,,0.0,noisy,random,positive,,Fail,red,30.0,5.0,5.0,Pass Box,1,1,30,,0.0,D,B,A,C,B,D,A,B,C,D,,,Non-STEM Track,,0.0,0.0,5.0,1,1,30,,0.0,R,R,R,C,C,C,C,C,C,C,C,,1,1,30,,0.0,0,0,0,0,0,0,0,0,0,False,False,Non-STEM Track,1,1,,,,,,,,,,,,,,,,,,,,,,,,,,,,,,,,,,,,,,,,,,,,,,,,,,,,,,,,,,,,,,,,,,,,,,,,,,,,,,,,,,,,,,,,,,,,,,,,,,,,,,,,,,,,,,,,,,,,,,,,,,,,,,,,,,,,,,,,,,,,,,,,,,,,,,,,,,,,,,,,,,,,,,,,,,,,,,,,,,,,,,,,,,,,,,,,,,,,,,,,,,,,,,,,,,,,,,,,,,,,,,,,,,,,,,,,,,,,,,,,,,,,,,,,,,,,,,,,,,,,,,,,,,,,,,,,,,,,,,,,,,,,,,,,,,,,,,,,,,,,,,,,,,,,,,,,,,,,,,,,,,,,,,,,,,,,,,,,,,,,,,,,,,,,,,,,,,,,,,,,,,,,,,,,,,,,,,,,,,,,,,,,,,,,,,,,,,,,,,,,,,,,,,,,,,,,,,,,,,,,,,,,,,,,,,,,,,,,,,,,,,,,,,,,,,,,,,,,,,,,,,,,,,,,,,,,,,,,,,,,,,,,,,,,,,,,,,,,,,,,,,,,,,,,,,,,,,,,,,,,,,,,,,,,,,,,,,,,,,,,,,,,,,,,,,,,,,,,,,,,,,,,,,,,,,,,,,,,,,,,,,,,,,,,,,,,,,,,,,,,,,,,,,,,,,,,,,,,66e9e907abeb40657f174691,62e156c4c63c97683cfccb82,APPROVED,Not Applicable,2024-09-17T20:39:50.437000Z,2024-09-17T20:51:08.089000Z,2024-09-17T20:52:18.706000Z,2024-09-17T20:52:20.937427Z,678.0,C1BTHULB,191,White,Technical/community college,40,Male,White,United States,United States,United States,English,No,Full-Time
31,omiukmcn,,0,18,18,Section_7,EndSurvey,2024-09-17 20:40:02.029988,1,,,0.0,,,,,,,,,,,,,,truywt5k,,,,,0,0.0,https://app.prolific.com/submissions/complete?cc=C1BTHULB,5.0,Quiz,31,,0.0,60741d357c4ab1281c844e1a,1,1,31,,0.0,D,A,B,D,D,D,B,D,,,,,0.0,0.0,1,1,31,,0.0,noisy,random,negative,,Fail,red,40.0,5.0,5.0,Fail Box,1,1,31,,0.0,B,C,A,D,B,D,D,B,C,,,,STEM Track,,0.0,0.0,5.0,1,1,31,,0.0,R,R,R,R,R,C,C,C,C,C,C,,1,1,31,,0.0,0,0,0,0,0,0,0,0,0,False,False,STEM Track,1,1,,,,,,,,,,,,,,,,,,,,,,,,,,,,,,,,,,,,,,,,,,,,,,,,,,,,,,,,,,,,,,,,,,,,,,,,,,,,,,,,,,,,,,,,,,,,,,,,,,,,,,,,,,,,,,,,,,,,,,,,,,,,,,,,,,,,,,,,,,,,,,,,,,,,,,,,,,,,,,,,,,,,,,,,,,,,,,,,,,,,,,,,,,,,,,,,,,,,,,,,,,,,,,,,,,,,,,,,,,,,,,,,,,,,,,,,,,,,,,,,,,,,,,,,,,,,,,,,,,,,,,,,,,,,,,,,,,,,,,,,,,,,,,,,,,,,,,,,,,,,,,,,,,,,,,,,,,,,,,,,,,,,,,,,,,,,,,,,,,,,,,,,,,,,,,,,,,,,,,,,,,,,,,,,,,,,,,,,,,,,,,,,,,,,,,,,,,,,,,,,,,,,,,,,,,,,,,,,,,,,,,,,,,,,,,,,,,,,,,,,,,,,,,,,,,,,,,,,,,,,,,,,,,,,,,,,,,,,,,,,,,,,,,,,,,,,,,,,,,,,,,,,,,,,,,,,,,,,,,,,,,,,,,,,,,,,,,,,,,,,,,,,,,,,,,,,,,,,,,,,,,,,,,,,,,,,,,,,,,,,,,,,,,,,,,,,,,,,,,,,,,,,,,,,,,,,,,,,66e9e905a9fc09e5d6c97270,60741d357c4ab1281c844e1a,APPROVED,Not Applicable,2024-09-17T20:39:46.236000Z,2024-09-17T21:07:27.850000Z,2024-09-17T21:08:21.676000Z,2024-09-17T21:08:21.891585Z,1662.0,C1BTHULB,474,White,Undergraduate degree (BA/BSc/other),44,Female,White,United States,United States,United States,English,No,Full-Time
33,r5y8qy5i,,0,18,18,Section_7,EndSurvey,2024-09-17 20:40:42.251114,1,,,0.0,,,,,,,,,,,,,,truywt5k,,,,,0,0.0,https://app.prolific.com/submissions/complete?cc=C1BTHULB,5.0,Quiz,33,,0.0,5dc891ba0133ef5ecf39323d,1,1,33,,0.0,B,B,B,B,C,B,B,C,D,B,,,0.0,0.0,1,1,33,,0.0,noisy,random,negative,,Fail,red,30.0,1.0,2.0,Fail Box,1,1,33,,0.0,D,B,A,C,B,D,A,B,C,D,,,Non-STEM Track,,0.0,0.0,2.0,1,1,33,,0.0,R,R,R,R,R,C,C,C,C,C,C,,1,1,33,,0.0,0,0,0,0,0,0,0,0,0,False,False,Non-STEM Track,1,1,,,,,,,,,,,,,,,,,,,,,,,,,,,,,,,,,,,,,,,,,,,,,,,,,,,,,,,,,,,,,,,,,,,,,,,,,,,,,,,,,,,,,,,,,,,,,,,,,,,,,,,,,,,,,,,,,,,,,,,,,,,,,,,,,,,,,,,,,,,,,,,,,,,,,,,,,,,,,,,,,,,,,,,,,,,,,,,,,,,,,,,,,,,,,,,,,,,,,,,,,,,,,,,,,,,,,,,,,,,,,,,,,,,,,,,,,,,,,,,,,,,,,,,,,,,,,,,,,,,,,,,,,,,,,,,,,,,,,,,,,,,,,,,,,,,,,,,,,,,,,,,,,,,,,,,,,,,,,,,,,,,,,,,,,,,,,,,,,,,,,,,,,,,,,,,,,,,,,,,,,,,,,,,,,,,,,,,,,,,,,,,,,,,,,,,,,,,,,,,,,,,,,,,,,,,,,,,,,,,,,,,,,,,,,,,,,,,,,,,,,,,,,,,,,,,,,,,,,,,,,,,,,,,,,,,,,,,,,,,,,,,,,,,,,,,,,,,,,,,,,,,,,,,,,,,,,,,,,,,,,,,,,,,,,,,,,,,,,,,,,,,,,,,,,,,,,,,,,,,,,,,,,,,,,,,,,,,,,,,,,,,,,,,,,,,,,,,,,,,,,,,,,,,,,,,,,,,,66e9e93d5865ce1cac1ef298,5dc891ba0133ef5ecf39323d,APPROVED,Not Applicable,2024-09-17T20:40:38.784000Z,2024-09-17T20:45:09.798000Z,2024-09-17T21:42:05.018000Z,2024-09-17T20:45:10.616929Z,272.0,C1BTHULB,473,Mixed,Undergraduate degree (BA/BSc/other),23,Female,Mixed,United States,United States,United States,English,Yes,Unemployed (and job seeking)
34,basethnp,,0,18,18,Section_7,EndSurvey,2024-09-17 20:40:47.896047,1,,,0.0,,,,,,,,,,,,,,truywt5k,,,,,0,0.0,https://app.prolific.com/submissions/complete?cc=C1BTHULB,5.0,Quiz,34,,0.0,669559538f9ed0aae416142b,1,1,34,,0.0,D,A,A,C,B,C,B,C,D,A,,,0.0,0.0,1,1,34,,0.0,noisy,random,negative,,Fail,red,1.0,1.0,1.0,Fail Box,1,1,34,,0.0,B,A,B,C,C,C,C,A,A,D,,,STEM Track,,0.0,0.0,1.0,1,1,34,,0.0,R,R,C,C,C,C,C,C,C,C,C,,1,1,34,,0.0,0,0,0,0,0,0,0,0,0,False,False,STEM Track,1,1,,,,,,,,,,,,,,,,,,,,,,,,,,,,,,,,,,,,,,,,,,,,,,,,,,,,,,,,,,,,,,,,,,,,,,,,,,,,,,,,,,,,,,,,,,,,,,,,,,,,,,,,,,,,,,,,,,,,,,,,,,,,,,,,,,,,,,,,,,,,,,,,,,,,,,,,,,,,,,,,,,,,,,,,,,,,,,,,,,,,,,,,,,,,,,,,,,,,,,,,,,,,,,,,,,,,,,,,,,,,,,,,,,,,,,,,,,,,,,,,,,,,,,,,,,,,,,,,,,,,,,,,,,,,,,,,,,,,,,,,,,,,,,,,,,,,,,,,,,,,,,,,,,,,,,,,,,,,,,,,,,,,,,,,,,,,,,,,,,,,,,,,,,,,,,,,,,,,,,,,,,,,,,,,,,,,,,,,,,,,,,,,,,,,,,,,,,,,,,,,,,,,,,,,,,,,,,,,,,,,,,,,,,,,,,,,,,,,,,,,,,,,,,,,,,,,,,,,,,,,,,,,,,,,,,,,,,,,,,,,,,,,,,,,,,,,,,,,,,,,,,,,,,,,,,,,,,,,,,,,,,,,,,,,,,,,,,,,,,,,,,,,,,,,,,,,,,,,,,,,,,,,,,,,,,,,,,,,,,,,,,,,,,,,,,,,,,,,,,,,,,,,,,,,,,,,,,,,66e9e83c36378ca1e41eefcc,669559538f9ed0aae416142b,APPROVED,Not Applicable,2024-09-17T20:36:17.392000Z,2024-09-17T21:00:03.313000Z,2024-09-17T21:01:07.635000Z,2024-09-17T21:00:20.653427Z,1426.0,C1BTHULB,122,White,Secondary education (e.g. GED/GCSE),26,Male,White,United States,United States,United States,English,No,Full-Time
35,nojfcuoa,,0,18,18,Section_7,EndSurvey,2024-09-17 20:40:48.638547,1,,,0.0,,,,,,,,,,,,,,truywt5k,,,,,0,0.0,https://app.prolific.com/submissions/complete?cc=C1BTHULB,5.0,Quiz,35,,0.0,5ec599168c7fa65cabe8b5c7,1,1,35,,0.0,B,A,D,D,B,D,D,B,B,B,,,0.0,0.0,1,1,35,,0.0,noisy,random,positive,,Fail,red,50.0,2.0,2.0,Pass Box,1,1,35,,0.0,B,B,C,,,D,,A,C,C,,,STEM Track,,0.0,0.0,2.0,1,1,35,,0.0,R,C,C,C,C,C,C,C,C,C,C,,1,1,35,,0.0,0,0,0,0,0,0,0,0,0,False,False,STEM Track,1,1,,,,,,,,,,,,,,,,,,,,,,,,,,,,,,,,,,,,,,,,,,,,,,,,,,,,,,,,,,,,,,,,,,,,,,,,,,,,,,,,,,,,,,,,,,,,,,,,,,,,,,,,,,,,,,,,,,,,,,,,,,,,,,,,,,,,,,,,,,,,,,,,,,,,,,,,,,,,,,,,,,,,,,,,,,,,,,,,,,,,,,,,,,,,,,,,,,,,,,,,,,,,,,,,,,,,,,,,,,,,,,,,,,,,,,,,,,,,,,,,,,,,,,,,,,,,,,,,,,,,,,,,,,,,,,,,,,,,,,,,,,,,,,,,,,,,,,,,,,,,,,,,,,,,,,,,,,,,,,,,,,,,,,,,,,,,,,,,,,,,,,,,,,,,,,,,,,,,,,,,,,,,,,,,,,,,,,,,,,,,,,,,,,,,,,,,,,,,,,,,,,,,,,,,,,,,,,,,,,,,,,,,,,,,,,,,,,,,,,,,,,,,,,,,,,,,,,,,,,,,,,,,,,,,,,,,,,,,,,,,,,,,,,,,,,,,,,,,,,,,,,,,,,,,,,,,,,,,,,,,,,,,,,,,,,,,,,,,,,,,,,,,,,,,,,,,,,,,,,,,,,,,,,,,,,,,,,,,,,,,,,,,,,,,,,,,,,,,,,,,,,,,,,,,,,,,,,,,66e9e93c2a30406499b3d8f6,5ec599168c7fa65cabe8b5c7,APPROVED,Not Applicable,2024-09-17T20:40:43.688000Z,2024-09-17T21:05:13.099000Z,2024-09-17T21:08:02.389000Z,2024-09-17T21:08:02.298369Z,1470.0,C1BTHULB,1334,White,Undergraduate degree (BA/BSc/other),35,Female,White,United States,United States,United States,English,No,DATA_EXPIRED
36,el9t9jrx,,0,18,18,Section_7,EndSurvey,2024-09-17 20:40:52.359354,1,,,0.0,,,,,,,,,,,,,,truywt5k,,,,,0,0.0,https://app.prolific.com/submissions/complete?cc=C1BTHULB,5.0,Quiz,36,,0.0,6637b096d7435d947e0826ca,1,1,36,,0.0,B,A,C,C,B,B,D,B,C,A,,,0.0,0.0,1,1,36,,0.0,noisy,random,positive,,Fail,red,40.0,4.0,5.0,Fail Box,1,1,36,,0.0,D,B,A,C,B,D,A,B,C,D,,,Non-STEM Track,,0.0,0.0,5.0,1,1,36,,0.0,R,R,R,R,R,R,C,C,C,C,C,,1,1,36,,0.0,0,0,0,0,0,0,0,0,0,False,False,Non-STEM Track,1,1,,,,,,,,,,,,,,,,,,,,,,,,,,,,,,,,,,,,,,,,,,,,,,,,,,,,,,,,,,,,,,,,,,,,,,,,,,,,,,,,,,,,,,,,,,,,,,,,,,,,,,,,,,,,,,,,,,,,,,,,,,,,,,,,,,,,,,,,,,,,,,,,,,,,,,,,,,,,,,,,,,,,,,,,,,,,,,,,,,,,,,,,,,,,,,,,,,,,,,,,,,,,,,,,,,,,,,,,,,,,,,,,,,,,,,,,,,,,,,,,,,,,,,,,,,,,,,,,,,,,,,,,,,,,,,,,,,,,,,,,,,,,,,,,,,,,,,,,,,,,,,,,,,,,,,,,,,,,,,,,,,,,,,,,,,,,,,,,,,,,,,,,,,,,,,,,,,,,,,,,,,,,,,,,,,,,,,,,,,,,,,,,,,,,,,,,,,,,,,,,,,,,,,,,,,,,,,,,,,,,,,,,,,,,,,,,,,,,,,,,,,,,,,,,,,,,,,,,,,,,,,,,,,,,,,,,,,,,,,,,,,,,,,,,,,,,,,,,,,,,,,,,,,,,,,,,,,,,,,,,,,,,,,,,,,,,,,,,,,,,,,,,,,,,,,,,,,,,,,,,,,,,,,,,,,,,,,,,,,,,,,,,,,,,,,,,,,,,,,,,,,,,,,,,,,,,,,,,66e9e948b670cb627d070943,6637b096d7435d947e0826ca,APPROVED,Not Applicable,2024-09-17T20:40:47.726000Z,2024-09-17T20:47:03.372000Z,2024-09-17T21:42:05.384000Z,2024-09-17T20:47:04.052649Z,376.0,C1BTHULB,107,White,Technical/community college,53,Female,White,United States,United States,United States,English,No,DATA_EXPIRED
37,lf8jj5fl,,0,18,18,Section_7,EndSurvey,2024-09-17 20:40:57.836861,1,,,0.0,,,,,,,,,,,,,,truywt5k,,,,,0,0.0,https://app.prolific.com/submissions/complete?cc=C1BTHULB,5.0,Quiz,37,,0.0,5f4b268e99a3f9000bef04a5,1,1,37,,0.0,A,A,,B,B,B,D,C,,,,,0.0,0.0,1,1,37,,0.0,noisy,random,positive,,Fail,red,75.0,5.0,5.0,Pass Box,1,1,37,,0.0,B,,C,,A,,,A,,C,,,STEM Track,,1.0,9.315,5.0,1,1,37,,0.0,R,R,R,R,R,C,C,C,C,C,C,,1,1,37,,0.0,0,0,0,0,0,0,0,0,0,False,False,STEM Track,1,1,,,,,,,,,,,,,,,,,,,,,,,,,,,,,,,,,,,,,,,,,,,,,,,,,,,,,,,,,,,,,,,,,,,,,,,,,,,,,,,,,,,,,,,,,,,,,,,,,,,,,,,,,,,,,,,,,,,,,,,,,,,,,,,,,,,,,,,,,,,,,,,,,,,,,,,,,,,,,,,,,,,,,,,,,,,,,,,,,,,,,,,,,,,,,,,,,,,,,,,,,,,,,,,,,,,,,,,,,,,,,,,,,,,,,,,,,,,,,,,,,,,,,,,,,,,,,,,,,,,,,,,,,,,,,,,,,,,,,,,,,,,,,,,,,,,,,,,,,,,,,,,,,,,,,,,,,,,,,,,,,,,,,,,,,,,,,,,,,,,,,,,,,,,,,,,,,,,,,,,,,,,,,,,,,,,,,,,,,,,,,,,,,,,,,,,,,,,,,,,,,,,,,,,,,,,,,,,,,,,,,,,,,,,,,,,,,,,,,,,,,,,,,,,,,,,,,,,,,,,,,,,,,,,,,,,,,,,,,,,,,,,,,,,,,,,,,,,,,,,,,,,,,,,,,,,,,,,,,,,,,,,,,,,,,,,,,,,,,,,,,,,,,,,,,,,,,,,,,,,,,,,,,,,,,,,,,,,,,,,,,,,,,,,,,,,,,,,,,,,,,,,,,,,,,,,,,,,,66e9e9382e8bca8cdc99110d,5f4b268e99a3f9000bef04a5,APPROVED,Not Applicable,2024-09-17T20:40:53.621000Z,2024-09-17T21:01:33.326000Z,2024-09-17T21:01:35.108000Z,2024-09-17T21:01:38.445524Z,1240.0,C1BTHULB,361,East Asian,Undergraduate degree (BA/BSc/other),22,Female,Asian,United States,United States,United States,Cantonese,Yes,DATA_EXPIRED
40,17lxaqkg,,0,18,18,Section_7,EndSurvey,2024-09-17 20:41:19.331253,1,,,0.0,,,,,,,,,,,,,,truywt5k,,,,,0,0.0,https://app.prolific.com/submissions/complete?cc=C1BTHULB,5.0,Quiz,40,,0.0,665731c5d9459f21dacb1b41,1,1,40,,0.0,D,B,B,C,A,C,C,B,C,B,,,0.0,0.0,1,1,40,,0.0,noisy,random,ground,,Fail,red,45.0,4.0,3.0,Fail Box,1,1,40,,0.0,D,B,A,C,B,D,A,B,C,D,,,Non-STEM Track,,0.0,0.0,3.0,1,1,40,,0.0,R,R,R,R,R,C,C,C,C,C,C,,1,1,40,,0.0,0,0,0,0,0,0,0,0,0,False,False,Non-STEM Track,1,1,,,,,,,,,,,,,,,,,,,,,,,,,,,,,,,,,,,,,,,,,,,,,,,,,,,,,,,,,,,,,,,,,,,,,,,,,,,,,,,,,,,,,,,,,,,,,,,,,,,,,,,,,,,,,,,,,,,,,,,,,,,,,,,,,,,,,,,,,,,,,,,,,,,,,,,,,,,,,,,,,,,,,,,,,,,,,,,,,,,,,,,,,,,,,,,,,,,,,,,,,,,,,,,,,,,,,,,,,,,,,,,,,,,,,,,,,,,,,,,,,,,,,,,,,,,,,,,,,,,,,,,,,,,,,,,,,,,,,,,,,,,,,,,,,,,,,,,,,,,,,,,,,,,,,,,,,,,,,,,,,,,,,,,,,,,,,,,,,,,,,,,,,,,,,,,,,,,,,,,,,,,,,,,,,,,,,,,,,,,,,,,,,,,,,,,,,,,,,,,,,,,,,,,,,,,,,,,,,,,,,,,,,,,,,,,,,,,,,,,,,,,,,,,,,,,,,,,,,,,,,,,,,,,,,,,,,,,,,,,,,,,,,,,,,,,,,,,,,,,,,,,,,,,,,,,,,,,,,,,,,,,,,,,,,,,,,,,,,,,,,,,,,,,,,,,,,,,,,,,,,,,,,,,,,,,,,,,,,,,,,,,,,,,,,,,,,,,,,,,,,,,,,,,,,,,,,,,,66e9e96383e71eacc7fb62a3,665731c5d9459f21dacb1b41,APPROVED,Not Applicable,2024-09-17T20:41:14.205000Z,2024-09-17T20:51:17.907000Z,2024-09-17T20:52:21.032000Z,2024-09-17T20:52:23.599169Z,604.0,C1BTHULB,260,Black/African American,High school diploma/A-levels,33,Female,Black,United States,United States,United States,English,No,"Not in paid work (e.g. homemaker', 'retired or disabled)"
41,gztbsrbs,,0,18,18,Section_7,EndSurvey,2024-09-17 20:42:10.309216,1,,,0.0,,,,,,,,,,,,,,truywt5k,,,,,0,0.0,https://app.prolific.com/submissions/complete?cc=C1BTHULB,5.0,Quiz,41,,0.0,5e9d4cea9a706b26f7bd3799,1,1,41,,0.0,A,A,D,B,D,B,,A,,,,,0.0,0.0,1,1,41,,0.0,noisy,random,ground,,Fail,red,60.0,5.0,4.0,Pass Box,1,1,41,,0.0,B,A,C,C,A,D,C,A,B,C,,,STEM Track,,0.0,0.0,4.0,1,1,41,,0.0,R,R,R,R,R,C,C,C,C,C,C,,1,1,41,,0.0,0,0,0,0,0,0,0,0,0,False,False,STEM Track,1,1,,,,,,,,,,,,,,,,,,,,,,,,,,,,,,,,,,,,,,,,,,,,,,,,,,,,,,,,,,,,,,,,,,,,,,,,,,,,,,,,,,,,,,,,,,,,,,,,,,,,,,,,,,,,,,,,,,,,,,,,,,,,,,,,,,,,,,,,,,,,,,,,,,,,,,,,,,,,,,,,,,,,,,,,,,,,,,,,,,,,,,,,,,,,,,,,,,,,,,,,,,,,,,,,,,,,,,,,,,,,,,,,,,,,,,,,,,,,,,,,,,,,,,,,,,,,,,,,,,,,,,,,,,,,,,,,,,,,,,,,,,,,,,,,,,,,,,,,,,,,,,,,,,,,,,,,,,,,,,,,,,,,,,,,,,,,,,,,,,,,,,,,,,,,,,,,,,,,,,,,,,,,,,,,,,,,,,,,,,,,,,,,,,,,,,,,,,,,,,,,,,,,,,,,,,,,,,,,,,,,,,,,,,,,,,,,,,,,,,,,,,,,,,,,,,,,,,,,,,,,,,,,,,,,,,,,,,,,,,,,,,,,,,,,,,,,,,,,,,,,,,,,,,,,,,,,,,,,,,,,,,,,,,,,,,,,,,,,,,,,,,,,,,,,,,,,,,,,,,,,,,,,,,,,,,,,,,,,,,,,,,,,,,,,,,,,,,,,,,,,,,,,,,,,,,,,,,,,66e9e99b9404d475103cb62b,5e9d4cea9a706b26f7bd3799,APPROVED,Not Applicable,2024-09-17T20:42:03.429000Z,2024-09-17T21:05:06.957000Z,2024-09-17T21:42:05.807000Z,2024-09-17T22:08:05.447830Z,1384.0,C1BTHULB,456,White,Undergraduate degree (BA/BSc/other),72,Male,White,United States,United States,United States,English,DATA_EXPIRED,DATA_EXPIRED
42,gw2ra0v3,,0,18,18,Section_7,EndSurvey,2024-09-17 20:42:15.545146,1,,,0.0,,,,,,,,,,,,,,truywt5k,,,,,0,0.0,https://app.prolific.com/submissions/complete?cc=C1BTHULB,5.0,Quiz,42,,0.0,5c113ae4b7fb2f00011a6b7e,1,1,42,,0.0,D,A,B,C,D,B,D,B,C,B,,,0.0,0.0,1,1,42,,0.0,noisy,random,ground,,Fail,red,25.0,2.0,3.0,Fail Box,1,1,42,,0.0,D,B,A,C,B,D,A,B,C,D,,,Non-STEM Track,,0.0,0.0,3.0,1,1,42,,0.0,R,R,R,R,R,C,C,C,C,C,C,,1,1,42,,0.0,0,0,0,0,0,0,0,0,0,False,False,Non-STEM Track,1,1,,,,,,,,,,,,,,,,,,,,,,,,,,,,,,,,,,,,,,,,,,,,,,,,,,,,,,,,,,,,,,,,,,,,,,,,,,,,,,,,,,,,,,,,,,,,,,,,,,,,,,,,,,,,,,,,,,,,,,,,,,,,,,,,,,,,,,,,,,,,,,,,,,,,,,,,,,,,,,,,,,,,,,,,,,,,,,,,,,,,,,,,,,,,,,,,,,,,,,,,,,,,,,,,,,,,,,,,,,,,,,,,,,,,,,,,,,,,,,,,,,,,,,,,,,,,,,,,,,,,,,,,,,,,,,,,,,,,,,,,,,,,,,,,,,,,,,,,,,,,,,,,,,,,,,,,,,,,,,,,,,,,,,,,,,,,,,,,,,,,,,,,,,,,,,,,,,,,,,,,,,,,,,,,,,,,,,,,,,,,,,,,,,,,,,,,,,,,,,,,,,,,,,,,,,,,,,,,,,,,,,,,,,,,,,,,,,,,,,,,,,,,,,,,,,,,,,,,,,,,,,,,,,,,,,,,,,,,,,,,,,,,,,,,,,,,,,,,,,,,,,,,,,,,,,,,,,,,,,,,,,,,,,,,,,,,,,,,,,,,,,,,,,,,,,,,,,,,,,,,,,,,,,,,,,,,,,,,,,,,,,,,,,,,,,,,,,,,,,,,,,,,,,,,,,,,,,,,66e9e98daa5c72e5930b2544,5c113ae4b7fb2f00011a6b7e,APPROVED,Not Applicable,2024-09-17T20:42:11.496000Z,2024-09-17T20:52:31.824000Z,2024-09-17T20:52:32.812000Z,2024-09-17T20:52:59.670013Z,621.0,C1BTHULB,2914,White Sephardic Jew,Graduate degree (MA/MSc/MPhil/other),24,Female,White,United States,United States,United States,Russian,Yes,Other
43,g8e35kl6,,0,18,18,Section_7,EndSurvey,2024-09-17 20:42:29.618670,1,,,0.0,,,,,,,,,,,,,,truywt5k,,,,,0,0.0,https://app.prolific.com/submissions/complete?cc=C1BTHULB,5.0,Quiz,43,,0.0,6282575ebe32fdc6268babc8,1,1,43,,0.0,D,A,D,C,D,B,A,B,A,D,,,0.0,0.0,1,1,43,,0.0,noisy,random,positive,,Fail,red,50.0,4.0,2.0,Fail Box,1,1,43,,0.0,D,B,A,C,B,D,A,B,C,D,,,Non-STEM Track,,0.0,0.0,2.0,1,1,43,,0.0,R,R,R,C,C,C,C,C,C,C,C,,1,1,43,,0.0,0,0,0,0,0,0,0,0,0,False,False,Non-STEM Track,1,1,,,,,,,,,,,,,,,,,,,,,,,,,,,,,,,,,,,,,,,,,,,,,,,,,,,,,,,,,,,,,,,,,,,,,,,,,,,,,,,,,,,,,,,,,,,,,,,,,,,,,,,,,,,,,,,,,,,,,,,,,,,,,,,,,,,,,,,,,,,,,,,,,,,,,,,,,,,,,,,,,,,,,,,,,,,,,,,,,,,,,,,,,,,,,,,,,,,,,,,,,,,,,,,,,,,,,,,,,,,,,,,,,,,,,,,,,,,,,,,,,,,,,,,,,,,,,,,,,,,,,,,,,,,,,,,,,,,,,,,,,,,,,,,,,,,,,,,,,,,,,,,,,,,,,,,,,,,,,,,,,,,,,,,,,,,,,,,,,,,,,,,,,,,,,,,,,,,,,,,,,,,,,,,,,,,,,,,,,,,,,,,,,,,,,,,,,,,,,,,,,,,,,,,,,,,,,,,,,,,,,,,,,,,,,,,,,,,,,,,,,,,,,,,,,,,,,,,,,,,,,,,,,,,,,,,,,,,,,,,,,,,,,,,,,,,,,,,,,,,,,,,,,,,,,,,,,,,,,,,,,,,,,,,,,,,,,,,,,,,,,,,,,,,,,,,,,,,,,,,,,,,,,,,,,,,,,,,,,,,,,,,,,,,,,,,,,,,,,,,,,,,,,,,,,,,,,,,,66e9e96b81bc50c92b6f15df,6282575ebe32fdc6268babc8,APPROVED,Not Applicable,2024-09-17T20:42:25.303000Z,2024-09-17T20:55:08.067000Z,2024-09-17T20:55:09.196000Z,2024-09-17T20:55:09.101477Z,763.0,C1BTHULB,4244,White,Graduate degree (MA/MSc/MPhil/other),52,Female,White,United States,United States,United States,English,No,Full-Time
44,4yupc5ec,,0,18,18,Section_7,EndSurvey,2024-09-17 20:42:31.338859,1,,,0.0,,,,,,,,,,,,,,truywt5k,,,,,0,0.0,https://app.prolific.com/submissions/complete?cc=C1BTHULB,5.0,Quiz,44,,0.0,652c7300f8ceb27a31711cf1,1,1,44,,0.0,B,A,A,D,C,C,B,C,C,A,,,0.0,0.0,1,1,44,,0.0,noisy,random,ground,,Fail,red,30.0,2.0,3.0,Fail Box,1,1,44,,0.0,A,B,D,C,A,D,C,C,C,A,,,STEM Track,,0.0,0.0,3.0,1,1,44,,0.0,R,R,R,R,R,C,C,C,C,C,C,,1,1,44,,0.0,0,0,0,0,0,0,0,0,0,False,False,STEM Track,1,1,,,,,,,,,,,,,,,,,,,,,,,,,,,,,,,,,,,,,,,,,,,,,,,,,,,,,,,,,,,,,,,,,,,,,,,,,,,,,,,,,,,,,,,,,,,,,,,,,,,,,,,,,,,,,,,,,,,,,,,,,,,,,,,,,,,,,,,,,,,,,,,,,,,,,,,,,,,,,,,,,,,,,,,,,,,,,,,,,,,,,,,,,,,,,,,,,,,,,,,,,,,,,,,,,,,,,,,,,,,,,,,,,,,,,,,,,,,,,,,,,,,,,,,,,,,,,,,,,,,,,,,,,,,,,,,,,,,,,,,,,,,,,,,,,,,,,,,,,,,,,,,,,,,,,,,,,,,,,,,,,,,,,,,,,,,,,,,,,,,,,,,,,,,,,,,,,,,,,,,,,,,,,,,,,,,,,,,,,,,,,,,,,,,,,,,,,,,,,,,,,,,,,,,,,,,,,,,,,,,,,,,,,,,,,,,,,,,,,,,,,,,,,,,,,,,,,,,,,,,,,,,,,,,,,,,,,,,,,,,,,,,,,,,,,,,,,,,,,,,,,,,,,,,,,,,,,,,,,,,,,,,,,,,,,,,,,,,,,,,,,,,,,,,,,,,,,,,,,,,,,,,,,,,,,,,,,,,,,,,,,,,,,,,,,,,,,,,,,,,,,,,,,,,,,,,,,,,,66e9e9b0f7de35e90b1588ef,652c7300f8ceb27a31711cf1,APPROVED,Not Applicable,2024-09-17T20:42:28.972000Z,2024-09-17T20:55:05.560000Z,2024-09-17T20:55:06.625000Z,2024-09-17T20:55:06.540426Z,757.0,C1BTHULB,106,East Asian,Undergraduate degree (BA/BSc/other),25,Female,Asian,United States,United States,United States,English,No,Part-Time
47,nb1ikfd3,,0,18,18,Section_7,EndSurvey,2024-09-17 20:43:39.127779,1,,,0.0,,,,,,,,,,,,,,truywt5k,,,,,0,0.0,https://app.prolific.com/submissions/complete?cc=C1BTHULB,5.0,Quiz,47,,0.0,5d99f1a45a1126001c5c0a84,1,1,47,,0.0,A,D,B,B,C,D,A,D,C,B,,,2.0,29.604,1,1,47,,0.0,noisy,random,ground,,Fail,red,53.0,3.0,4.0,Fail Box,1,1,47,,0.0,D,B,A,C,B,D,A,B,C,D,,,Non-STEM Track,,0.0,0.0,4.0,1,1,47,,0.0,R,R,R,R,R,C,C,C,C,C,C,,1,1,47,,0.0,0,0,0,0,0,0,0,0,0,False,False,Non-STEM Track,1,1,,,,,,,,,,,,,,,,,,,,,,,,,,,,,,,,,,,,,,,,,,,,,,,,,,,,,,,,,,,,,,,,,,,,,,,,,,,,,,,,,,,,,,,,,,,,,,,,,,,,,,,,,,,,,,,,,,,,,,,,,,,,,,,,,,,,,,,,,,,,,,,,,,,,,,,,,,,,,,,,,,,,,,,,,,,,,,,,,,,,,,,,,,,,,,,,,,,,,,,,,,,,,,,,,,,,,,,,,,,,,,,,,,,,,,,,,,,,,,,,,,,,,,,,,,,,,,,,,,,,,,,,,,,,,,,,,,,,,,,,,,,,,,,,,,,,,,,,,,,,,,,,,,,,,,,,,,,,,,,,,,,,,,,,,,,,,,,,,,,,,,,,,,,,,,,,,,,,,,,,,,,,,,,,,,,,,,,,,,,,,,,,,,,,,,,,,,,,,,,,,,,,,,,,,,,,,,,,,,,,,,,,,,,,,,,,,,,,,,,,,,,,,,,,,,,,,,,,,,,,,,,,,,,,,,,,,,,,,,,,,,,,,,,,,,,,,,,,,,,,,,,,,,,,,,,,,,,,,,,,,,,,,,,,,,,,,,,,,,,,,,,,,,,,,,,,,,,,,,,,,,,,,,,,,,,,,,,,,,,,,,,,,,,,,,,,,,,,,,,,,,,,,,,,,,,,,,,,66e9e9f47f81263d6ff38de1,5d99f1a45a1126001c5c0a84,APPROVED,Not Applicable,2024-09-17T20:43:36.588000Z,2024-09-17T20:58:05.108000Z,2024-09-17T20:58:05.775000Z,2024-09-17T20:58:05.687630Z,869.0,C1BTHULB,4422,White,High school diploma/A-levels,42,Male,White,United States,United States,United States,English,No,Full-Time
48,1oxmitqx,,0,18,18,Section_7,EndSurvey,2024-09-17 20:44:19.153129,1,,,0.0,,,,,,,,,,,,,,truywt5k,,,,,0,0.0,https://app.prolific.com/submissions/complete?cc=C1BTHULB,5.0,Quiz,48,,0.0,660dde2ea4ccc7fca5fbbedb,1,1,48,,0.0,B,D,D,C,B,D,A,C,B,C,,,0.0,0.0,1,1,48,,0.0,noisy,random,ground,,Fail,red,10.0,1.0,1.0,Fail Box,1,1,48,,0.0,D,B,A,C,B,D,A,B,C,D,,,Non-STEM Track,,0.0,0.0,1.0,1,1,48,,0.0,R,R,R,R,R,C,C,C,C,C,C,,1,1,48,,0.0,0,0,0,0,0,0,0,0,0,False,False,Non-STEM Track,1,1,,,,,,,,,,,,,,,,,,,,,,,,,,,,,,,,,,,,,,,,,,,,,,,,,,,,,,,,,,,,,,,,,,,,,,,,,,,,,,,,,,,,,,,,,,,,,,,,,,,,,,,,,,,,,,,,,,,,,,,,,,,,,,,,,,,,,,,,,,,,,,,,,,,,,,,,,,,,,,,,,,,,,,,,,,,,,,,,,,,,,,,,,,,,,,,,,,,,,,,,,,,,,,,,,,,,,,,,,,,,,,,,,,,,,,,,,,,,,,,,,,,,,,,,,,,,,,,,,,,,,,,,,,,,,,,,,,,,,,,,,,,,,,,,,,,,,,,,,,,,,,,,,,,,,,,,,,,,,,,,,,,,,,,,,,,,,,,,,,,,,,,,,,,,,,,,,,,,,,,,,,,,,,,,,,,,,,,,,,,,,,,,,,,,,,,,,,,,,,,,,,,,,,,,,,,,,,,,,,,,,,,,,,,,,,,,,,,,,,,,,,,,,,,,,,,,,,,,,,,,,,,,,,,,,,,,,,,,,,,,,,,,,,,,,,,,,,,,,,,,,,,,,,,,,,,,,,,,,,,,,,,,,,,,,,,,,,,,,,,,,,,,,,,,,,,,,,,,,,,,,,,,,,,,,,,,,,,,,,,,,,,,,,,,,,,,,,,,,,,,,,,,,,,,,,,,,,,,66e9ea1102437c0568eca120,660dde2ea4ccc7fca5fbbedb,APPROVED,Not Applicable,2024-09-17T20:44:15.670000Z,2024-09-17T21:04:53.786000Z,2024-09-17T21:04:54.582000Z,2024-09-17T21:04:54.478785Z,1239.0,C1BTHULB,225,Black/African American,High school diploma/A-levels,48,Male,Black,United States,United States,United States,English,No,Other
49,nwlgfz8d,,0,18,18,Section_7,EndSurvey,2024-09-17 20:44:35.744833,1,,,0.0,,,,,,,,,,,,,,truywt5k,,,,,0,0.0,https://app.prolific.com/submissions/complete?cc=C1BTHULB,5.0,Quiz,49,,0.0,66e9aff7ec064619b07b8ea8,1,1,49,,0.0,D,B,B,C,B,B,B,B,C,A,,,0.0,0.0,1,1,49,,0.0,noisy,random,positive,,Fail,red,51.0,4.0,5.0,Pass Box,1,1,49,,0.0,B,C,A,C,D,D,C,B,D,C,,,STEM Track,,0.0,0.0,5.0,1,1,49,,0.0,R,R,R,R,R,R,C,C,C,C,C,,1,1,49,,0.0,0,0,0,0,0,0,0,0,0,False,False,STEM Track,1,1,,,,,,,,,,,,,,,,,,,,,,,,,,,,,,,,,,,,,,,,,,,,,,,,,,,,,,,,,,,,,,,,,,,,,,,,,,,,,,,,,,,,,,,,,,,,,,,,,,,,,,,,,,,,,,,,,,,,,,,,,,,,,,,,,,,,,,,,,,,,,,,,,,,,,,,,,,,,,,,,,,,,,,,,,,,,,,,,,,,,,,,,,,,,,,,,,,,,,,,,,,,,,,,,,,,,,,,,,,,,,,,,,,,,,,,,,,,,,,,,,,,,,,,,,,,,,,,,,,,,,,,,,,,,,,,,,,,,,,,,,,,,,,,,,,,,,,,,,,,,,,,,,,,,,,,,,,,,,,,,,,,,,,,,,,,,,,,,,,,,,,,,,,,,,,,,,,,,,,,,,,,,,,,,,,,,,,,,,,,,,,,,,,,,,,,,,,,,,,,,,,,,,,,,,,,,,,,,,,,,,,,,,,,,,,,,,,,,,,,,,,,,,,,,,,,,,,,,,,,,,,,,,,,,,,,,,,,,,,,,,,,,,,,,,,,,,,,,,,,,,,,,,,,,,,,,,,,,,,,,,,,,,,,,,,,,,,,,,,,,,,,,,,,,,,,,,,,,,,,,,,,,,,,,,,,,,,,,,,,,,,,,,,,,,,,,,,,,,,,,,,,,,,,,,,,,,,,,66e9ea2c15a140e721d8dd48,66e9aff7ec064619b07b8ea8,APPROVED,Not Applicable,2024-09-17T20:44:33.602000Z,2024-09-17T21:01:14.621000Z,2024-09-17T21:01:20.306000Z,2024-09-17T21:01:18.829191Z,1002.0,C1BTHULB,7,White,Doctorate degree (PhD/other),46,Male,White,United States,United States,United States,English,No,DATA_EXPIRED
50,2rkarity,,0,18,18,Section_7,EndSurvey,2024-09-17 20:44:44.662028,1,,,0.0,,,,,,,,,,,,,,truywt5k,,,,,0,0.0,https://app.prolific.com/submissions/complete?cc=C1BTHULB,5.0,Quiz,50,,0.0,66e9a6cf278a9806ebe7bd0b,1,1,50,,0.0,B,A,A,B,A,C,A,A,A,A,,,0.0,0.0,1,1,50,,0.0,noisy,random,positive,,Fail,red,30.0,4.0,5.0,Fail Box,1,1,50,,0.0,D,B,A,C,B,B,A,C,C,D,,,Non-STEM Track,,0.0,0.0,5.0,1,1,50,,0.0,R,R,R,R,R,C,C,C,C,C,C,,1,1,50,,0.0,0,0,0,0,0,0,0,0,0,False,False,Non-STEM Track,1,1,,,,,,,,,,,,,,,,,,,,,,,,,,,,,,,,,,,,,,,,,,,,,,,,,,,,,,,,,,,,,,,,,,,,,,,,,,,,,,,,,,,,,,,,,,,,,,,,,,,,,,,,,,,,,,,,,,,,,,,,,,,,,,,,,,,,,,,,,,,,,,,,,,,,,,,,,,,,,,,,,,,,,,,,,,,,,,,,,,,,,,,,,,,,,,,,,,,,,,,,,,,,,,,,,,,,,,,,,,,,,,,,,,,,,,,,,,,,,,,,,,,,,,,,,,,,,,,,,,,,,,,,,,,,,,,,,,,,,,,,,,,,,,,,,,,,,,,,,,,,,,,,,,,,,,,,,,,,,,,,,,,,,,,,,,,,,,,,,,,,,,,,,,,,,,,,,,,,,,,,,,,,,,,,,,,,,,,,,,,,,,,,,,,,,,,,,,,,,,,,,,,,,,,,,,,,,,,,,,,,,,,,,,,,,,,,,,,,,,,,,,,,,,,,,,,,,,,,,,,,,,,,,,,,,,,,,,,,,,,,,,,,,,,,,,,,,,,,,,,,,,,,,,,,,,,,,,,,,,,,,,,,,,,,,,,,,,,,,,,,,,,,,,,,,,,,,,,,,,,,,,,,,,,,,,,,,,,,,,,,,,,,,,,,,,,,,,,,,,,,,,,,,,,,,,,,,,,,66e9ea34a6b1445379868de6,66e9a6cf278a9806ebe7bd0b,APPROVED,Not Applicable,2024-09-17T20:44:41.312000Z,2024-09-17T20:55:22.757000Z,2024-09-17T20:55:26.076000Z,2024-09-17T20:55:23.475591Z,642.0,C1BTHULB,10,White,High school diploma/A-levels,34,Male,White,United States,United States,United States,English,No,Full-Time
52,2lrxnyd4,,0,18,18,Section_7,EndSurvey,2024-09-17 20:46:45.619157,1,,,0.0,,,,,,,,,,,,,,truywt5k,,,,,0,0.0,https://app.prolific.com/submissions/complete?cc=C1BTHULB,5.0,Quiz,52,,0.0,60883f3787067378cdf11fe1,1,1,52,,0.0,A,C,B,C,C,B,D,A,A,B,,,0.0,0.0,1,1,52,,0.0,noisy,random,positive,,Fail,red,25.0,2.0,4.0,Fail Box,1,1,52,,0.0,D,D,A,C,B,B,A,D,C,C,,,Non-STEM Track,,0.0,0.0,4.0,1,1,52,,0.0,R,R,R,R,R,R,R,R,C,C,C,,1,1,52,,0.0,0,0,0,0,0,0,0,0,0,False,False,Non-STEM Track,1,1,,,,,,,,,,,,,,,,,,,,,,,,,,,,,,,,,,,,,,,,,,,,,,,,,,,,,,,,,,,,,,,,,,,,,,,,,,,,,,,,,,,,,,,,,,,,,,,,,,,,,,,,,,,,,,,,,,,,,,,,,,,,,,,,,,,,,,,,,,,,,,,,,,,,,,,,,,,,,,,,,,,,,,,,,,,,,,,,,,,,,,,,,,,,,,,,,,,,,,,,,,,,,,,,,,,,,,,,,,,,,,,,,,,,,,,,,,,,,,,,,,,,,,,,,,,,,,,,,,,,,,,,,,,,,,,,,,,,,,,,,,,,,,,,,,,,,,,,,,,,,,,,,,,,,,,,,,,,,,,,,,,,,,,,,,,,,,,,,,,,,,,,,,,,,,,,,,,,,,,,,,,,,,,,,,,,,,,,,,,,,,,,,,,,,,,,,,,,,,,,,,,,,,,,,,,,,,,,,,,,,,,,,,,,,,,,,,,,,,,,,,,,,,,,,,,,,,,,,,,,,,,,,,,,,,,,,,,,,,,,,,,,,,,,,,,,,,,,,,,,,,,,,,,,,,,,,,,,,,,,,,,,,,,,,,,,,,,,,,,,,,,,,,,,,,,,,,,,,,,,,,,,,,,,,,,,,,,,,,,,,,,,,,,,,,,,,,,,,,,,,,,,,,,,,,,,,,,,66e9ea95d762f9de8fd2900a,60883f3787067378cdf11fe1,APPROVED,Not Applicable,2024-09-17T20:46:20.714000Z,2024-09-17T21:01:33.800000Z,2024-09-17T21:01:40.261000Z,2024-09-17T21:01:38.562193Z,914.0,C1BTHULB,839,Black/African American,Technical/community college,23,Male,Black,United States,United States,United States,English,No,Full-Time
53,uj4y749y,,0,18,18,Section_7,EndSurvey,2024-09-17 20:47:17.643404,1,,,0.0,,,,,,,,,,,,,,truywt5k,,,,,0,0.0,https://app.prolific.com/submissions/complete?cc=C1BTHULB,5.0,Quiz,53,,0.0,62850929d863bbcde0ef538b,1,1,53,,0.0,D,A,B,C,C,B,D,B,C,D,,,0.0,0.0,1,1,53,,0.0,noisy,random,positive,,Fail,red,10.0,2.0,3.0,Fail Box,1,1,53,,0.0,D,B,A,C,B,D,A,B,C,D,,,Non-STEM Track,,0.0,0.0,3.0,1,1,53,,0.0,R,R,R,R,R,R,C,C,C,C,C,,1,1,53,,0.0,0,0,0,0,0,0,0,0,0,False,False,Non-STEM Track,1,1,,,,,,,,,,,,,,,,,,,,,,,,,,,,,,,,,,,,,,,,,,,,,,,,,,,,,,,,,,,,,,,,,,,,,,,,,,,,,,,,,,,,,,,,,,,,,,,,,,,,,,,,,,,,,,,,,,,,,,,,,,,,,,,,,,,,,,,,,,,,,,,,,,,,,,,,,,,,,,,,,,,,,,,,,,,,,,,,,,,,,,,,,,,,,,,,,,,,,,,,,,,,,,,,,,,,,,,,,,,,,,,,,,,,,,,,,,,,,,,,,,,,,,,,,,,,,,,,,,,,,,,,,,,,,,,,,,,,,,,,,,,,,,,,,,,,,,,,,,,,,,,,,,,,,,,,,,,,,,,,,,,,,,,,,,,,,,,,,,,,,,,,,,,,,,,,,,,,,,,,,,,,,,,,,,,,,,,,,,,,,,,,,,,,,,,,,,,,,,,,,,,,,,,,,,,,,,,,,,,,,,,,,,,,,,,,,,,,,,,,,,,,,,,,,,,,,,,,,,,,,,,,,,,,,,,,,,,,,,,,,,,,,,,,,,,,,,,,,,,,,,,,,,,,,,,,,,,,,,,,,,,,,,,,,,,,,,,,,,,,,,,,,,,,,,,,,,,,,,,,,,,,,,,,,,,,,,,,,,,,,,,,,,,,,,,,,,,,,,,,,,,,,,,,,,,,,,,,66e9eac402437c0568eca147,62850929d863bbcde0ef538b,APPROVED,Not Applicable,2024-09-17T20:47:12.875000Z,2024-09-17T20:56:13.797000Z,2024-09-17T20:56:14.512000Z,2024-09-17T20:56:14.423713Z,541.0,C1BTHULB,2783,White,Graduate degree (MA/MSc/MPhil/other),51,Male,White,United States,United States,United States,English,Yes,Full-Time
54,ilwefy5x,,0,18,18,Section_7,EndSurvey,2024-09-17 20:47:58.020568,1,,,0.0,,,,,,,,,,,,,,truywt5k,,,,,0,0.0,https://app.prolific.com/submissions/complete?cc=C1BTHULB,5.0,Quiz,54,,0.0,5b75d448be28580001b5a603,1,1,54,,0.0,D,A,C,C,B,A,D,D,,,,,0.0,0.0,1,1,54,,0.0,noisy,random,negative,,Fail,red,60.0,5.0,6.0,Not Sure,1,1,54,,0.0,B,A,C,C,A,D,C,A,D,C,,,STEM Track,,0.0,0.0,6.0,1,1,54,,0.0,R,R,R,R,R,C,C,C,C,C,C,,1,1,54,,0.0,0,0,0,0,0,0,0,0,0,False,False,STEM Track,1,1,,,,,,,,,,,,,,,,,,,,,,,,,,,,,,,,,,,,,,,,,,,,,,,,,,,,,,,,,,,,,,,,,,,,,,,,,,,,,,,,,,,,,,,,,,,,,,,,,,,,,,,,,,,,,,,,,,,,,,,,,,,,,,,,,,,,,,,,,,,,,,,,,,,,,,,,,,,,,,,,,,,,,,,,,,,,,,,,,,,,,,,,,,,,,,,,,,,,,,,,,,,,,,,,,,,,,,,,,,,,,,,,,,,,,,,,,,,,,,,,,,,,,,,,,,,,,,,,,,,,,,,,,,,,,,,,,,,,,,,,,,,,,,,,,,,,,,,,,,,,,,,,,,,,,,,,,,,,,,,,,,,,,,,,,,,,,,,,,,,,,,,,,,,,,,,,,,,,,,,,,,,,,,,,,,,,,,,,,,,,,,,,,,,,,,,,,,,,,,,,,,,,,,,,,,,,,,,,,,,,,,,,,,,,,,,,,,,,,,,,,,,,,,,,,,,,,,,,,,,,,,,,,,,,,,,,,,,,,,,,,,,,,,,,,,,,,,,,,,,,,,,,,,,,,,,,,,,,,,,,,,,,,,,,,,,,,,,,,,,,,,,,,,,,,,,,,,,,,,,,,,,,,,,,,,,,,,,,,,,,,,,,,,,,,,,,,,,,,,,,,,,,,,,,,,,,,,,,66e9eade582ecea2dd7aa138,5b75d448be28580001b5a603,APPROVED,Not Applicable,2024-09-17T20:47:33.538000Z,2024-09-17T21:08:24.101000Z,2024-09-17T21:08:30.321000Z,2024-09-17T21:08:37.061960Z,1251.0,C1BTHULB,1778,East Asian,Undergraduate degree (BA/BSc/other),53,Male,Asian,Korea,United States,United States,English,No,"Not in paid work (e.g. homemaker', 'retired or disabled)"
55,4u0v533l,,0,18,18,Section_7,EndSurvey,2024-09-17 20:48:32.081409,1,,,0.0,,,,,,,,,,,,,,truywt5k,,,,,0,0.0,https://app.prolific.com/submissions/complete?cc=C1BTHULB,5.0,Quiz,55,,0.0,65d9316cb5c95ac38aee3856,1,1,55,,0.0,C,D,D,B,B,C,A,D,B,B,,,1.0,1.979,1,1,55,,0.0,noisy,random,ground,,Fail,red,40.0,4.0,3.0,Fail Box,1,1,55,,0.0,D,B,A,C,B,D,A,B,C,D,,,Non-STEM Track,,0.0,0.0,3.0,1,1,55,,0.0,R,R,R,R,R,R,R,R,C,C,C,,1,1,55,,0.0,0,0,0,0,0,0,0,0,0,False,False,Non-STEM Track,1,1,,,,,,,,,,,,,,,,,,,,,,,,,,,,,,,,,,,,,,,,,,,,,,,,,,,,,,,,,,,,,,,,,,,,,,,,,,,,,,,,,,,,,,,,,,,,,,,,,,,,,,,,,,,,,,,,,,,,,,,,,,,,,,,,,,,,,,,,,,,,,,,,,,,,,,,,,,,,,,,,,,,,,,,,,,,,,,,,,,,,,,,,,,,,,,,,,,,,,,,,,,,,,,,,,,,,,,,,,,,,,,,,,,,,,,,,,,,,,,,,,,,,,,,,,,,,,,,,,,,,,,,,,,,,,,,,,,,,,,,,,,,,,,,,,,,,,,,,,,,,,,,,,,,,,,,,,,,,,,,,,,,,,,,,,,,,,,,,,,,,,,,,,,,,,,,,,,,,,,,,,,,,,,,,,,,,,,,,,,,,,,,,,,,,,,,,,,,,,,,,,,,,,,,,,,,,,,,,,,,,,,,,,,,,,,,,,,,,,,,,,,,,,,,,,,,,,,,,,,,,,,,,,,,,,,,,,,,,,,,,,,,,,,,,,,,,,,,,,,,,,,,,,,,,,,,,,,,,,,,,,,,,,,,,,,,,,,,,,,,,,,,,,,,,,,,,,,,,,,,,,,,,,,,,,,,,,,,,,,,,,,,,,,,,,,,,,,,,,,,,,,,,,,,,,,,,,,,,66e9eafa2e8bca8cdc991177,65d9316cb5c95ac38aee3856,APPROVED,Not Applicable,2024-09-17T20:48:29.264000Z,2024-09-17T20:57:31.806000Z,2024-09-17T20:57:32.501000Z,2024-09-17T20:57:32.424012Z,543.0,C1BTHULB,126,White,Technical/community college,20,Male,White,United States,United States,United States,English,DATA_EXPIRED,DATA_EXPIRED
57,rjrp355p,,0,18,18,Section_7,EndSurvey,2024-09-17 20:50:07.980139,1,,,0.0,,,,,,,,,,,,,,truywt5k,,,,,0,0.0,https://app.prolific.com/submissions/complete?cc=C1BTHULB,5.0,Quiz,57,,0.0,63d7f3f4e50de685d3d5b4fb,1,1,57,,0.0,C,A,C,D,C,B,C,C,C,A,,,0.0,0.0,1,1,57,,0.0,noisy,random,negative,,Fail,red,75.0,5.0,4.0,Fail Box,1,1,57,,0.0,D,B,A,C,B,D,A,B,C,D,,,Non-STEM Track,,0.0,0.0,4.0,1,1,57,,0.0,R,R,R,R,C,C,C,C,C,C,C,,1,1,57,,0.0,0,0,0,0,0,0,0,0,0,False,False,Non-STEM Track,1,1,,,,,,,,,,,,,,,,,,,,,,,,,,,,,,,,,,,,,,,,,,,,,,,,,,,,,,,,,,,,,,,,,,,,,,,,,,,,,,,,,,,,,,,,,,,,,,,,,,,,,,,,,,,,,,,,,,,,,,,,,,,,,,,,,,,,,,,,,,,,,,,,,,,,,,,,,,,,,,,,,,,,,,,,,,,,,,,,,,,,,,,,,,,,,,,,,,,,,,,,,,,,,,,,,,,,,,,,,,,,,,,,,,,,,,,,,,,,,,,,,,,,,,,,,,,,,,,,,,,,,,,,,,,,,,,,,,,,,,,,,,,,,,,,,,,,,,,,,,,,,,,,,,,,,,,,,,,,,,,,,,,,,,,,,,,,,,,,,,,,,,,,,,,,,,,,,,,,,,,,,,,,,,,,,,,,,,,,,,,,,,,,,,,,,,,,,,,,,,,,,,,,,,,,,,,,,,,,,,,,,,,,,,,,,,,,,,,,,,,,,,,,,,,,,,,,,,,,,,,,,,,,,,,,,,,,,,,,,,,,,,,,,,,,,,,,,,,,,,,,,,,,,,,,,,,,,,,,,,,,,,,,,,,,,,,,,,,,,,,,,,,,,,,,,,,,,,,,,,,,,,,,,,,,,,,,,,,,,,,,,,,,,,,,,,,,,,,,,,,,,,,,,,,,,,,,,,,,66e9eb522a91ce9fbdef2ced,63d7f3f4e50de685d3d5b4fb,APPROVED,Not Applicable,2024-09-17T20:49:45.122000Z,2024-09-17T20:58:52.349000Z,2024-09-17T21:01:01.392000Z,2024-09-17T20:58:52.942369Z,548.0,C1BTHULB,3046,Latino/Hispanic,Undergraduate degree (BA/BSc/other),38,Male,Mixed,United States,United States,United States,English,No,DATA_EXPIRED
58,4dgawhzc,,0,18,18,Section_7,EndSurvey,2024-09-17 20:50:14.998973,1,,,0.0,,,,,,,,,,,,,,truywt5k,,,,,0,0.0,https://app.prolific.com/submissions/complete?cc=C1BTHULB,5.0,Quiz,58,,0.0,611f07e8d31eb6064d7009f2,1,1,58,,0.0,B,C,A,D,B,B,B,A,C,A,,,0.0,0.0,1,1,58,,0.0,noisy,random,positive,,Fail,red,29.0,0.0,2.0,Pass Box,1,1,58,,0.0,A,A,C,B,D,A,C,A,D,C,,,STEM Track,,0.0,0.0,2.0,1,1,58,,0.0,R,R,R,R,R,C,C,C,C,C,C,,1,1,58,,0.0,0,0,0,0,0,0,0,0,0,False,False,STEM Track,1,1,,,,,,,,,,,,,,,,,,,,,,,,,,,,,,,,,,,,,,,,,,,,,,,,,,,,,,,,,,,,,,,,,,,,,,,,,,,,,,,,,,,,,,,,,,,,,,,,,,,,,,,,,,,,,,,,,,,,,,,,,,,,,,,,,,,,,,,,,,,,,,,,,,,,,,,,,,,,,,,,,,,,,,,,,,,,,,,,,,,,,,,,,,,,,,,,,,,,,,,,,,,,,,,,,,,,,,,,,,,,,,,,,,,,,,,,,,,,,,,,,,,,,,,,,,,,,,,,,,,,,,,,,,,,,,,,,,,,,,,,,,,,,,,,,,,,,,,,,,,,,,,,,,,,,,,,,,,,,,,,,,,,,,,,,,,,,,,,,,,,,,,,,,,,,,,,,,,,,,,,,,,,,,,,,,,,,,,,,,,,,,,,,,,,,,,,,,,,,,,,,,,,,,,,,,,,,,,,,,,,,,,,,,,,,,,,,,,,,,,,,,,,,,,,,,,,,,,,,,,,,,,,,,,,,,,,,,,,,,,,,,,,,,,,,,,,,,,,,,,,,,,,,,,,,,,,,,,,,,,,,,,,,,,,,,,,,,,,,,,,,,,,,,,,,,,,,,,,,,,,,,,,,,,,,,,,,,,,,,,,,,,,,,,,,,,,,,,,,,,,,,,,,,,,,,,,,,,,66e9eb78c3df4fe0ff3c1cea,611f07e8d31eb6064d7009f2,APPROVED,Not Applicable,2024-09-17T20:50:09.830000Z,2024-09-17T20:56:43.214000Z,2024-09-17T21:42:06.479000Z,2024-09-17T20:56:43.890470Z,394.0,C1BTHULB,1564,Middle Eastern,Graduate degree (MA/MSc/MPhil/other),48,Male,Asian,United States,United States,United States,English,No,Full-Time
59,0zcvug9l,,0,18,18,Section_7,EndSurvey,2024-09-17 20:50:26.770172,1,,,0.0,,,,,,,,,,,,,,truywt5k,,,,,0,0.0,https://app.prolific.com/submissions/complete?cc=C1BTHULB,5.0,Quiz,59,,0.0,6650fecf2c8ca66c1c78dcf7,1,1,59,,0.0,C,A,B,B,C,B,C,C,B,B,,,0.0,0.0,1,1,59,,0.0,noisy,random,positive,,Fail,red,50.0,2.0,4.0,Pass Box,1,1,59,,0.0,B,A,B,B,A,A,B,C,B,B,,,STEM Track,,0.0,0.0,4.0,1,1,59,,0.0,R,R,R,R,R,R,R,R,R,R,R,,1,1,59,,0.0,0,0,0,0,0,0,0,0,0,False,False,STEM Track,1,1,,,,,,,,,,,,,,,,,,,,,,,,,,,,,,,,,,,,,,,,,,,,,,,,,,,,,,,,,,,,,,,,,,,,,,,,,,,,,,,,,,,,,,,,,,,,,,,,,,,,,,,,,,,,,,,,,,,,,,,,,,,,,,,,,,,,,,,,,,,,,,,,,,,,,,,,,,,,,,,,,,,,,,,,,,,,,,,,,,,,,,,,,,,,,,,,,,,,,,,,,,,,,,,,,,,,,,,,,,,,,,,,,,,,,,,,,,,,,,,,,,,,,,,,,,,,,,,,,,,,,,,,,,,,,,,,,,,,,,,,,,,,,,,,,,,,,,,,,,,,,,,,,,,,,,,,,,,,,,,,,,,,,,,,,,,,,,,,,,,,,,,,,,,,,,,,,,,,,,,,,,,,,,,,,,,,,,,,,,,,,,,,,,,,,,,,,,,,,,,,,,,,,,,,,,,,,,,,,,,,,,,,,,,,,,,,,,,,,,,,,,,,,,,,,,,,,,,,,,,,,,,,,,,,,,,,,,,,,,,,,,,,,,,,,,,,,,,,,,,,,,,,,,,,,,,,,,,,,,,,,,,,,,,,,,,,,,,,,,,,,,,,,,,,,,,,,,,,,,,,,,,,,,,,,,,,,,,,,,,,,,,,,,,,,,,,,,,,,,,,,,,,,,,,,,,,,,,,66e9eb86e07be8d1df0f0bc5,6650fecf2c8ca66c1c78dcf7,APPROVED,Not Applicable,2024-09-17T20:50:23.616000Z,2024-09-17T20:54:11.158000Z,2024-09-17T21:42:06.825000Z,2024-09-17T20:54:12.179972Z,228.0,C1BTHULB,501,White,Secondary education (e.g. GED/GCSE),34,Male,White,United States,United States,United States,English,Yes,Unemployed (and job seeking)
62,xqh303hj,,0,18,18,Section_7,EndSurvey,2024-09-17 20:53:26.551858,1,,,0.0,,,,,,,,,,,,,,truywt5k,,,,,0,0.0,https://app.prolific.com/submissions/complete?cc=C1BTHULB,5.0,Quiz,62,,0.0,666c462dbf512cfb5c74ff06,1,1,62,,0.0,D,A,A,C,D,D,A,C,B,C,,,0.0,0.0,1,1,62,,0.0,noisy,random,negative,,Fail,red,25.0,0.0,5.0,Fail Box,1,1,62,,0.0,B,B,C,A,A,D,,A,B,D,,,STEM Track,,0.0,0.0,5.0,1,1,62,,0.0,R,R,R,R,R,C,C,C,C,C,C,,1,1,62,,0.0,0,0,0,0,0,0,0,0,0,False,False,STEM Track,1,1,,,,,,,,,,,,,,,,,,,,,,,,,,,,,,,,,,,,,,,,,,,,,,,,,,,,,,,,,,,,,,,,,,,,,,,,,,,,,,,,,,,,,,,,,,,,,,,,,,,,,,,,,,,,,,,,,,,,,,,,,,,,,,,,,,,,,,,,,,,,,,,,,,,,,,,,,,,,,,,,,,,,,,,,,,,,,,,,,,,,,,,,,,,,,,,,,,,,,,,,,,,,,,,,,,,,,,,,,,,,,,,,,,,,,,,,,,,,,,,,,,,,,,,,,,,,,,,,,,,,,,,,,,,,,,,,,,,,,,,,,,,,,,,,,,,,,,,,,,,,,,,,,,,,,,,,,,,,,,,,,,,,,,,,,,,,,,,,,,,,,,,,,,,,,,,,,,,,,,,,,,,,,,,,,,,,,,,,,,,,,,,,,,,,,,,,,,,,,,,,,,,,,,,,,,,,,,,,,,,,,,,,,,,,,,,,,,,,,,,,,,,,,,,,,,,,,,,,,,,,,,,,,,,,,,,,,,,,,,,,,,,,,,,,,,,,,,,,,,,,,,,,,,,,,,,,,,,,,,,,,,,,,,,,,,,,,,,,,,,,,,,,,,,,,,,,,,,,,,,,,,,,,,,,,,,,,,,,,,,,,,,,,,,,,,,,,,,,,,,,,,,,,,,,,,,,,,,,66e9ec26071e2ac919d6367b,666c462dbf512cfb5c74ff06,APPROVED,Not Applicable,2024-09-17T20:52:59.152000Z,2024-09-17T21:12:31.046000Z,2024-09-17T21:12:31.893000Z,2024-09-17T21:12:31.791557Z,1172.0,C1BTHULB,99,White,Undergraduate degree (BA/BSc/other),27,Female,White,United States,United States,United States,English,No,Full-Time
63,kbjtslk7,,0,18,18,Section_7,EndSurvey,2024-09-17 20:53:54.112391,1,,,0.0,,,,,,,,,,,,,,truywt5k,,,,,0,0.0,https://app.prolific.com/submissions/complete?cc=C1BTHULB,5.0,Quiz,63,,0.0,5c2be72c59ce110001073428,1,1,63,,0.0,A,A,B,C,B,C,A,B,C,B,,,0.0,0.0,1,1,63,,0.0,noisy,random,ground,,Fail,red,25.0,3.0,4.0,Fail Box,1,1,63,,0.0,D,B,A,C,B,D,A,B,C,D,,,Non-STEM Track,,0.0,0.0,4.0,1,1,63,,0.0,R,R,R,R,R,C,C,C,C,C,C,,1,1,63,,0.0,0,0,0,0,0,0,0,0,0,False,False,Non-STEM Track,1,1,,,,,,,,,,,,,,,,,,,,,,,,,,,,,,,,,,,,,,,,,,,,,,,,,,,,,,,,,,,,,,,,,,,,,,,,,,,,,,,,,,,,,,,,,,,,,,,,,,,,,,,,,,,,,,,,,,,,,,,,,,,,,,,,,,,,,,,,,,,,,,,,,,,,,,,,,,,,,,,,,,,,,,,,,,,,,,,,,,,,,,,,,,,,,,,,,,,,,,,,,,,,,,,,,,,,,,,,,,,,,,,,,,,,,,,,,,,,,,,,,,,,,,,,,,,,,,,,,,,,,,,,,,,,,,,,,,,,,,,,,,,,,,,,,,,,,,,,,,,,,,,,,,,,,,,,,,,,,,,,,,,,,,,,,,,,,,,,,,,,,,,,,,,,,,,,,,,,,,,,,,,,,,,,,,,,,,,,,,,,,,,,,,,,,,,,,,,,,,,,,,,,,,,,,,,,,,,,,,,,,,,,,,,,,,,,,,,,,,,,,,,,,,,,,,,,,,,,,,,,,,,,,,,,,,,,,,,,,,,,,,,,,,,,,,,,,,,,,,,,,,,,,,,,,,,,,,,,,,,,,,,,,,,,,,,,,,,,,,,,,,,,,,,,,,,,,,,,,,,,,,,,,,,,,,,,,,,,,,,,,,,,,,,,,,,,,,,,,,,,,,,,,,,,,,,,,,,,66e9eaeb6f599f239c1ead3e,5c2be72c59ce110001073428,APPROVED,Not Applicable,2024-09-17T20:47:45.027000Z,2024-09-17T21:02:17.368000Z,2024-09-17T21:02:20.556000Z,2024-09-17T21:02:18.018998Z,873.0,C1BTHULB,1791,White,Technical/community college,42,Male,White,United States,United States,United States,English,No,Full-Time
64,3yujepat,,0,18,18,Section_7,EndSurvey,2024-09-17 20:57:27.745982,1,,,0.0,,,,,,,,,,,,,,truywt5k,,,,,0,0.0,https://app.prolific.com/submissions/complete?cc=C1BTHULB,5.0,Quiz,64,,0.0,63db49b4969069441bc68182,1,1,64,,0.0,A,B,D,B,D,D,A,A,D,D,,,0.0,0.0,1,1,64,,0.0,noisy,random,positive,,Fail,red,25.0,10.0,10.0,Pass Box,1,1,64,,0.0,D,D,A,C,D,C,D,C,B,D,,,STEM Track,,0.0,0.0,10.0,1,1,64,,0.0,R,R,R,R,R,C,C,C,C,C,C,,1,1,64,,0.0,0,0,0,0,0,0,0,0,0,False,False,STEM Track,1,1,,,,,,,,,,,,,,,,,,,,,,,,,,,,,,,,,,,,,,,,,,,,,,,,,,,,,,,,,,,,,,,,,,,,,,,,,,,,,,,,,,,,,,,,,,,,,,,,,,,,,,,,,,,,,,,,,,,,,,,,,,,,,,,,,,,,,,,,,,,,,,,,,,,,,,,,,,,,,,,,,,,,,,,,,,,,,,,,,,,,,,,,,,,,,,,,,,,,,,,,,,,,,,,,,,,,,,,,,,,,,,,,,,,,,,,,,,,,,,,,,,,,,,,,,,,,,,,,,,,,,,,,,,,,,,,,,,,,,,,,,,,,,,,,,,,,,,,,,,,,,,,,,,,,,,,,,,,,,,,,,,,,,,,,,,,,,,,,,,,,,,,,,,,,,,,,,,,,,,,,,,,,,,,,,,,,,,,,,,,,,,,,,,,,,,,,,,,,,,,,,,,,,,,,,,,,,,,,,,,,,,,,,,,,,,,,,,,,,,,,,,,,,,,,,,,,,,,,,,,,,,,,,,,,,,,,,,,,,,,,,,,,,,,,,,,,,,,,,,,,,,,,,,,,,,,,,,,,,,,,,,,,,,,,,,,,,,,,,,,,,,,,,,,,,,,,,,,,,,,,,,,,,,,,,,,,,,,,,,,,,,,,,,,,,,,,,,,,,,,,,,,,,,,,,,,,,,,,66e9e9defb4e3c559f23ccb1,63db49b4969069441bc68182,APPROVED,Not Applicable,2024-09-17T20:43:17.703000Z,2024-09-17T21:33:33.135000Z,2024-09-17T21:33:34.382000Z,2024-09-17T21:33:34.306686Z,3016.0,C1BTHULB,1397,Black/African American,High school diploma/A-levels,58,Male,Black,United States,United States,United States,English,No,Full-Time
65,upc9ugly,,0,18,18,Section_7,EndSurvey,2024-09-17 21:23:32.796567,1,,,0.0,,,,,,,,,,,,,,truywt5k,,,,,0,0.0,https://app.prolific.com/submissions/complete?cc=C1BTHULB,5.0,Quiz,65,,0.0,5622e4dced6e5a0005c80078,1,1,65,,0.0,C,A,B,B,C,D,A,C,A,D,,,0.0,0.0,1,1,65,,0.0,noisy,random,negative,,Fail,red,20.0,2.0,4.0,Fail Box,1,1,65,,0.0,D,B,A,C,B,D,A,B,C,D,,,Non-STEM Track,,0.0,0.0,4.0,1,1,65,,0.0,R,R,R,R,R,R,R,C,C,C,C,,1,1,65,,0.0,0,0,0,0,0,0,0,0,0,False,False,Non-STEM Track,1,1,,,,,,,,,,,,,,,,,,,,,,,,,,,,,,,,,,,,,,,,,,,,,,,,,,,,,,,,,,,,,,,,,,,,,,,,,,,,,,,,,,,,,,,,,,,,,,,,,,,,,,,,,,,,,,,,,,,,,,,,,,,,,,,,,,,,,,,,,,,,,,,,,,,,,,,,,,,,,,,,,,,,,,,,,,,,,,,,,,,,,,,,,,,,,,,,,,,,,,,,,,,,,,,,,,,,,,,,,,,,,,,,,,,,,,,,,,,,,,,,,,,,,,,,,,,,,,,,,,,,,,,,,,,,,,,,,,,,,,,,,,,,,,,,,,,,,,,,,,,,,,,,,,,,,,,,,,,,,,,,,,,,,,,,,,,,,,,,,,,,,,,,,,,,,,,,,,,,,,,,,,,,,,,,,,,,,,,,,,,,,,,,,,,,,,,,,,,,,,,,,,,,,,,,,,,,,,,,,,,,,,,,,,,,,,,,,,,,,,,,,,,,,,,,,,,,,,,,,,,,,,,,,,,,,,,,,,,,,,,,,,,,,,,,,,,,,,,,,,,,,,,,,,,,,,,,,,,,,,,,,,,,,,,,,,,,,,,,,,,,,,,,,,,,,,,,,,,,,,,,,,,,,,,,,,,,,,,,,,,,,,,,,,,,,,,,,,,,,,,,,,,,,,,,,,,,,,,,66e9e80cc392ba6a6df069cf,5622e4dced6e5a0005c80078,APPROVED,Not Applicable,2024-09-17T20:43:00.285000Z,2024-09-17T21:32:00.498000Z,2024-09-17T21:32:01.277000Z,2024-09-17T21:32:01.187054Z,2941.0,C1BTHULB,3775,White,Undergraduate degree (BA/BSc/other),52,Female,White,United States,United States,United States,English,No,Full-Time
66,9f9s1ape,,0,18,18,Section_7,EndSurvey,2024-09-17 21:45:30.368714,1,,,0.0,,,,,,,,,,,,,,truywt5k,,,,,0,0.0,https://app.prolific.com/submissions/complete?cc=C1BTHULB,5.0,Quiz,66,,0.0,572535bba34b2a001306827c,1,1,66,,0.0,C,C,B,B,B,B,C,B,A,C,,,0.0,0.0,1,1,66,,0.0,noisy,random,negative,,Fail,red,20.0,2.0,3.0,Fail Box,1,1,66,,0.0,B,B,C,B,A,D,C,C,A,C,,,STEM Track,,0.0,0.0,3.0,1,1,66,,0.0,R,R,R,R,C,C,C,C,C,C,C,,1,1,66,,0.0,0,0,0,0,0,0,0,0,0,False,False,STEM Track,1,1,,,,,,,,,,,,,,,,,,,,,,,,,,,,,,,,,,,,,,,,,,,,,,,,,,,,,,,,,,,,,,,,,,,,,,,,,,,,,,,,,,,,,,,,,,,,,,,,,,,,,,,,,,,,,,,,,,,,,,,,,,,,,,,,,,,,,,,,,,,,,,,,,,,,,,,,,,,,,,,,,,,,,,,,,,,,,,,,,,,,,,,,,,,,,,,,,,,,,,,,,,,,,,,,,,,,,,,,,,,,,,,,,,,,,,,,,,,,,,,,,,,,,,,,,,,,,,,,,,,,,,,,,,,,,,,,,,,,,,,,,,,,,,,,,,,,,,,,,,,,,,,,,,,,,,,,,,,,,,,,,,,,,,,,,,,,,,,,,,,,,,,,,,,,,,,,,,,,,,,,,,,,,,,,,,,,,,,,,,,,,,,,,,,,,,,,,,,,,,,,,,,,,,,,,,,,,,,,,,,,,,,,,,,,,,,,,,,,,,,,,,,,,,,,,,,,,,,,,,,,,,,,,,,,,,,,,,,,,,,,,,,,,,,,,,,,,,,,,,,,,,,,,,,,,,,,,,,,,,,,,,,,,,,,,,,,,,,,,,,,,,,,,,,,,,,,,,,,,,,,,,,,,,,,,,,,,,,,,,,,,,,,,,,,,,,,,,,,,,,,,,,,,,,,,,,,,,,,66e9f86edc0f6674d09a8bf4,572535bba34b2a001306827c,APPROVED,Not Applicable,2024-09-17T21:45:26.845000Z,2024-09-17T22:03:09.851000Z,2024-09-17T22:03:12.961000Z,2024-09-17T22:03:10.852439Z,1064.0,C1BTHULB,4062,Latino/Hispanic,Undergraduate degree (BA/BSc/other),38,Male,Mixed,United States,United States,United States,English,No,Full-Time
